"","site","id","age","sex","handedness","eyes"
"1","BeijingEOEC","1725227",23,"F",NA,"closed"
"2","BeijingEOEC","1925025",18,"M",NA,"closed"
"3","BeijingEOEC","3235222",23,"F",NA,"closed"
"4","BeijingEOEC","3457797",22,"M",NA,"closed"
"5","BeijingEOEC","4207406",23,"M",NA,"closed"
"6","BeijingEOEC","1714208",21,"F",NA,"closed"
"7","BeijingEOEC","1767783",24,"M",NA,"closed"
"8","BeijingEOEC","2662830",24,"F",NA,"closed"
"9","BeijingEOEC","2516383",23,"M",NA,"closed"
"10","BeijingEOEC","1525518",20,"F",NA,"closed"
"11","BeijingEOEC","3550267",20,"F",NA,"closed"
"12","BeijingEOEC","1131499",24,"F",NA,"closed"
"13","BeijingEOEC","2092454",21,"F",NA,"closed"
"14","BeijingEOEC","7289877",23,"F",NA,"closed"
"15","BeijingEOEC","3938118",23,"F",NA,"closed"
"16","BeijingEOEC","1312359",23,"F",NA,"closed"
"17","BeijingEOEC","3697986",23,"F",NA,"closed"
"18","BeijingEOEC","1907043",23,"F",NA,"closed"
"19","BeijingEOEC","3057549",23,"F",NA,"closed"
"20","BeijingEOEC","1082398",20,"F",NA,"closed"
"21","BeijingEOEC","1760155",23,"F",NA,"closed"
"22","BeijingEOEC","1381466",20,"F",NA,"closed"
"23","BeijingEOEC","3563234",25,"M",NA,"closed"
"24","BeijingEOEC","3258811",24,"M",NA,"closed"
"25","BeijingEOEC","1465338",30,"M",NA,"closed"
"26","BeijingEOEC","2796604",23,"F",NA,"closed"
"27","BeijingEOEC","2860449",21,"F",NA,"closed"
"28","BeijingEOEC","8384854",23,"M",NA,"closed"
"29","BeijingEOEC","1684516",24,"M",NA,"closed"
"30","BeijingEOEC","3408166",23,"M",NA,"closed"
"31","BeijingEOEC","2692262",23,"M",NA,"closed"
"32","BeijingEOEC","4152763",21,"M",NA,"closed"
"33","BeijingEOEC","2772551",29,"F",NA,"closed"
"34","BeijingEOEC","1024011",22,"M",NA,"closed"
"35","BeijingEOEC","6579735",24,"M",NA,"closed"
"36","BeijingEOEC","2780400",22,"M",NA,"closed"
"37","BeijingEOEC","3942935",22,"M",NA,"closed"
"38","BeijingEOEC","3534106",23,"M",NA,"closed"
"39","BeijingEOEC","4233715",24,"M",NA,"closed"
"40","BeijingEOEC","3814313",23,"M",NA,"closed"
"41","BeijingEOEC","6984799",21,"F",NA,"closed"
"42","BeijingEOEC","9639203",20,"M",NA,"closed"
"43","BeijingEOEC","2945687",22,"M",NA,"closed"
"44","BeijingEOEC","1122550",20,"F",NA,"closed"
"45","BeijingEOEC","3856302",19,"M",NA,"closed"
"46","BeijingEOEC","3265732",25,"F",NA,"closed"
"47","BeijingEOEC","2466100",21,"F",NA,"closed"
"48","BeijingEOEC","2021733",21,"M",NA,"closed"
"49","Berlin","0003001",25.13,"M","R","open"
"50","Berlin","0003002",23.96,"F","R","open"
"51","Berlin","0003004",31.15,"M","R","open"
"52","Berlin","0003007",43.53,"M","R","open"
"53","Berlin","0003008",26.87,"F","R","open"
"54","Berlin","0003009",33.82,"M","R","open"
"55","Berlin","0003010",27.02,"F","R","open"
"56","Berlin","0003011",24.37,"F","R","open"
"57","Berlin","0003012",33.59,"M","R","open"
"58","Berlin","0003013",26.06,"F","R","open"
"59","Berlin","0003014",28.27,"M","R","open"
"60","Berlin","0003015",26.64,"F","R","open"
"61","Berlin","0003016",28.46,"M","R","open"
"62","Berlin","0003017",26.58,"M","R","open"
"63","Berlin","0003018",26.78,"F","R","open"
"64","Berlin","0003020",31.25,"M","R","open"
"65","Berlin","0003021",37.42,"F","R","open"
"66","Berlin","0003022",38.01,"M","R","open"
"67","Berlin","0003023",32.3,"F","R","open"
"68","Berlin","0003024",39.04,"M","R","open"
"69","Berlin","0003025",28.44,"F","R","open"
"70","Berlin","0003026",29.34,"F","R","open"
"71","Berlin","0003032",33.28,"F","R","open"
"72","Berlin","0003033",32.52,"M","R","open"
"73","Berlin","0003034",31.59,"F","R","open"
"74","Berlin","0003036",30.3,"F","R","open"
"75","Berlin","0003037",59.73,"F","R","open"
"76","Berlin","0003038",34.72,"M","R","open"
"77","Berlin","0003039",22.99,"F","R","open"
"78","Berlin","0003040",36.25,"M","L","open"
"79","Berlin","0003041",23.96,"F","R","open"
"80","Berlin","0003042",35.18,"M","R","open"
"81","Berlin","0003044",30.95,"M","R","open"
"82","Berlin","0003045",42.63,"F","R","open"
"83","Berlin","0003047",32.63,"M","R","open"
"84","Berlin","0003049",30.31,"M","R","open"
"85","Berlin","0003050",49.37,"F","R","open"
"86","Berlin","0003051",23.62,"M","R","closed"
"87","Berlin","0003052",28.57,"F","R","closed"
"88","Berlin","0003054",27.71,"M","R","closed"
"89","Berlin","0003055",29.95,"M","R","closed"
"90","Berlin","0003056",29.78,"M","R","closed"
"91","Berlin","0003057",19.96,"M","R","closed"
"92","Berlin","0003059",30.66,"F","R","closed"
"93","Berlin","0003060",30.44,"F","L","open"
"94","Berlin","0003061",24.88,"F","R","open"
"95","Berlin","0003062",27.1,"M","R","closed"
"96","Berlin","0003063",22.34,"F","R","closed"
"97","Berlin","0003064",28.85,"F","R","closed"
"98","ann_arbor_a","sub04111",25.63,"M","R",NA
"99","ann_arbor_a","sub04619",18.34,"M","R",NA
"100","ann_arbor_a","sub13636",29.2,"M","R",NA
"101","ann_arbor_a","sub13959",31.39,"M","R",NA
"102","ann_arbor_a","sub16960",13.58,"M","R",NA
"103","ann_arbor_a","sub18698",29.21,"M","R",NA
"104","ann_arbor_a","sub20317",15.92,"M","R",NA
"105","ann_arbor_a","sub28433",21.46,"M","R",NA
"106","ann_arbor_a","sub30421",17.58,"M","R",NA
"107","ann_arbor_a","sub34781",19.88,"M","R",NA
"108","ann_arbor_a","sub38614",14.91,"M","R",NA
"109","ann_arbor_a","sub45660",16.67,"M","R",NA
"110","ann_arbor_a","sub46727",13.83,"F","R",NA
"111","ann_arbor_a","sub47191",27.75,"M","L",NA
"112","ann_arbor_a","sub47659",33.13,"M","R",NA
"113","ann_arbor_a","sub49687",13.41,"M","A",NA
"114","ann_arbor_a","sub51248",40.98,"M","R",NA
"115","ann_arbor_a","sub56028",26.22,"F","R",NA
"116","ann_arbor_a","sub56686",20.81,"F","R",NA
"117","ann_arbor_a","sub70106",17.42,"M","R",NA
"118","ann_arbor_a","sub75922",18,"M","R",NA
"119","ann_arbor_a","sub82334",14.92,"M","R",NA
"120","ann_arbor_a","sub86367",15,"M","R",NA
"121","ann_arbor_a","sub87745",14.17,"M","R",NA
"122","ann_arbor_a","sub96621",15.56,"M","R",NA
"123","baltimore","sub17017",22,"F",NA,NA
"124","baltimore","sub19738",27,"F",NA,NA
"125","baltimore","sub23750",37,"M",NA,NA
"126","baltimore","sub23927",21,"M",NA,NA
"127","baltimore","sub29158",20,"F",NA,NA
"128","baltimore","sub30072",26,"F",NA,NA
"129","baltimore","sub31837",34,"F",NA,NA
"130","baltimore","sub37548",30,"M",NA,NA
"131","baltimore","sub52358",40,"F",NA,NA
"132","baltimore","sub54257",29,"F",NA,NA
"133","baltimore","sub54329",30,"F",NA,NA
"134","baltimore","sub73823",24,"F",NA,NA
"135","baltimore","sub76160",34,"M",NA,NA
"136","baltimore","sub77572",27,"F",NA,NA
"137","baltimore","sub80221",26,"M",NA,NA
"138","baltimore","sub81887",32,"M",NA,NA
"139","baltimore","sub85922",30,"M",NA,NA
"140","baltimore","sub86414",23,"F",NA,NA
"141","baltimore","sub90658",32,"F",NA,NA
"142","baltimore","sub90893",39,"F",NA,NA
"143","baltimore","sub91622",33,"M",NA,NA
"144","baltimore","sub94042",27,"F",NA,NA
"145","baltimore","sub96234",30,"F",NA,NA
"146","bangor","sub00031",29,"M",NA,NA
"147","bangor","sub01903",21,"M",NA,NA
"148","bangor","sub03557",21,"M",NA,NA
"149","bangor","sub04097",36,"M",NA,NA
"150","bangor","sub14388",21,"M",NA,NA
"151","bangor","sub27519",20,"M",NA,NA
"152","bangor","sub36736",22,"M",NA,NA
"153","bangor","sub46870",28,"M",NA,NA
"154","bangor","sub48632",22,"M",NA,NA
"155","bangor","sub61418",21,"M",NA,NA
"156","bangor","sub61908",22,"M",NA,NA
"157","bangor","sub63767",19,"M",NA,NA
"158","bangor","sub66585",19,"M",NA,NA
"159","bangor","sub68050",23,"M",NA,NA
"160","bangor","sub73082",19,"M",NA,NA
"161","bangor","sub77520",23,"M",NA,NA
"162","bangor","sub81464",38,"M",NA,NA
"163","bangor","sub82625",21,"M",NA,NA
"164","bangor","sub87568",21,"M",NA,NA
"165","bangor","sub91556",22,"M",NA,NA
"166","beijing","sub00440",24,"F",NA,"closed"
"167","beijing","sub01018",18,"M",NA,"closed"
"168","beijing","sub01244",25,"F",NA,"closed"
"169","beijing","sub02403",20,"M",NA,"closed"
"170","beijing","sub04050",21,"F",NA,"closed"
"171","beijing","sub04191",24,"M",NA,"closed"
"172","beijing","sub05267",19,"F",NA,"closed"
"173","beijing","sub06880",18,"M",NA,"closed"
"174","beijing","sub06899",19,"F",NA,"closed"
"175","beijing","sub07144",20,"M",NA,"closed"
"176","beijing","sub07716",23,"M",NA,"closed"
"177","beijing","sub07717",22,"F",NA,"closed"
"178","beijing","sub08001",21,"F",NA,"closed"
"179","beijing","sub08251",24,"M",NA,"closed"
"180","beijing","sub08455",25,"M",NA,"closed"
"181","beijing","sub08816",21,"F",NA,"closed"
"182","beijing","sub08992",20,"F",NA,"closed"
"183","beijing","sub10186",19,"M",NA,"closed"
"184","beijing","sub10277",22,"F",NA,"closed"
"185","beijing","sub10869",23,"F",NA,"closed"
"186","beijing","sub10973",21,"M",NA,"closed"
"187","beijing","sub11072",25,"F",NA,"closed"
"188","beijing","sub11344",21,"F",NA,"closed"
"189","beijing","sub12220",22,"F",NA,"closed"
"190","beijing","sub14238",20,"M",NA,"closed"
"191","beijing","sub15441",19,"F",NA,"closed"
"192","beijing","sub16091",23,"F",NA,"closed"
"193","beijing","sub16943",26,"F",NA,"closed"
"194","beijing","sub17093",23,"F",NA,"closed"
"195","beijing","sub17159",19,"M",NA,"closed"
"196","beijing","sub17315",20,"F",NA,"closed"
"197","beijing","sub17586",19,"M",NA,"closed"
"198","beijing","sub17603",21,"M",NA,"closed"
"199","beijing","sub17642",24,"M",NA,"closed"
"200","beijing","sub17688",19,"F",NA,"closed"
"201","beijing","sub18326",21,"F",NA,"closed"
"202","beijing","sub18758",20,"M",NA,"closed"
"203","beijing","sub18960",23,"M",NA,"closed"
"204","beijing","sub19642",21,"F",NA,"closed"
"205","beijing","sub19974",21,"F",NA,"closed"
"206","beijing","sub20127",21,"F",NA,"closed"
"207","beijing","sub20246",20,"F",NA,"closed"
"208","beijing","sub20765",20,"M",NA,"closed"
"209","beijing","sub20948",23,"F",NA,"closed"
"210","beijing","sub21115",21,"F",NA,"closed"
"211","beijing","sub22201",19,"M",NA,"closed"
"212","beijing","sub22595",21,"F",NA,"closed"
"213","beijing","sub22661",21,"F",NA,"closed"
"214","beijing","sub22715",19,"F",NA,"closed"
"215","beijing","sub22890",18,"M",NA,"closed"
"216","beijing","sub26713",21,"F",NA,"closed"
"217","beijing","sub28206",22,"M",NA,"closed"
"218","beijing","sub28403",20,"M",NA,"closed"
"219","beijing","sub28698",18,"F",NA,"closed"
"220","beijing","sub28792",20,"M",NA,"closed"
"221","beijing","sub28801",22,"F",NA,"closed"
"222","beijing","sub28907",23,"M",NA,"closed"
"223","beijing","sub28965",19,"F",NA,"closed"
"224","beijing","sub29590",21,"F",NA,"closed"
"225","beijing","sub29785",22,"F",NA,"closed"
"226","beijing","sub30272",23,"F",NA,"closed"
"227","beijing","sub30310",22,"F",NA,"closed"
"228","beijing","sub30556",22,"M",NA,"closed"
"229","beijing","sub30616",21,"M",NA,"closed"
"230","beijing","sub30988",23,"F",NA,"closed"
"231","beijing","sub31058",20,"M",NA,"closed"
"232","beijing","sub31729",22,"F",NA,"closed"
"233","beijing","sub32517",21,"M",NA,"closed"
"234","beijing","sub32587",20,"F",NA,"closed"
"235","beijing","sub33747",26,"F",NA,"closed"
"236","beijing","sub33943",20,"F",NA,"closed"
"237","beijing","sub33991",20,"F",NA,"closed"
"238","beijing","sub34895",22,"F",NA,"closed"
"239","beijing","sub34943",21,"F",NA,"closed"
"240","beijing","sub35309",22,"M",NA,"closed"
"241","beijing","sub35776",24,"M",NA,"closed"
"242","beijing","sub35806",22,"M",NA,"closed"
"243","beijing","sub36580",23,"M",NA,"closed"
"244","beijing","sub36942",23,"F",NA,"closed"
"245","beijing","sub37602",21,"F",NA,"closed"
"246","beijing","sub38602",20,"F",NA,"closed"
"247","beijing","sub39725",20,"M",NA,"closed"
"248","beijing","sub40037",20,"F",NA,"closed"
"249","beijing","sub40427",21,"F",NA,"closed"
"250","beijing","sub41170",20,"F",NA,"closed"
"251","beijing","sub41621",19,"F",NA,"closed"
"252","beijing","sub42512",20,"M",NA,"closed"
"253","beijing","sub42555",18,"F",NA,"closed"
"254","beijing","sub42843",20,"F",NA,"closed"
"255","beijing","sub43290",20,"M",NA,"closed"
"256","beijing","sub44573",19,"F",NA,"closed"
"257","beijing","sub45552",18,"F",NA,"closed"
"258","beijing","sub46058",25,"M",NA,"closed"
"259","beijing","sub46259",19,"M",NA,"closed"
"260","beijing","sub46541",21,"M",NA,"closed"
"261","beijing","sub48501",23,"F",NA,"closed"
"262","beijing","sub48563",20,"F",NA,"closed"
"263","beijing","sub48676",21,"M",NA,"closed"
"264","beijing","sub49782",19,"F",NA,"closed"
"265","beijing","sub50498",21,"F",NA,"closed"
"266","beijing","sub50873",22,"F",NA,"closed"
"267","beijing","sub50972",24,"F",NA,"closed"
"268","beijing","sub50985",19,"F",NA,"closed"
"269","beijing","sub51015",20,"F",NA,"closed"
"270","beijing","sub51586",22,"M",NA,"closed"
"271","beijing","sub52044",22,"F",NA,"closed"
"272","beijing","sub52259",21,"M",NA,"closed"
"273","beijing","sub53572",20,"M",NA,"closed"
"274","beijing","sub53998",20,"F",NA,"closed"
"275","beijing","sub54890",21,"F",NA,"closed"
"276","beijing","sub55301",23,"F",NA,"closed"
"277","beijing","sub55541",25,"M",NA,"closed"
"278","beijing","sub55736",19,"M",NA,"closed"
"279","beijing","sub55856",22,"F",NA,"closed"
"280","beijing","sub56136",22,"M",NA,"closed"
"281","beijing","sub56659",23,"F",NA,"closed"
"282","beijing","sub56703",21,"M",NA,"closed"
"283","beijing","sub56757",21,"M",NA,"closed"
"284","beijing","sub58029",26,"F",NA,"closed"
"285","beijing","sub58332",21,"M",NA,"closed"
"286","beijing","sub58614",19,"M",NA,"closed"
"287","beijing","sub59347",21,"M",NA,"closed"
"288","beijing","sub59448",20,"M",NA,"closed"
"289","beijing","sub61961",21,"F",NA,"closed"
"290","beijing","sub62083",20,"F",NA,"closed"
"291","beijing","sub62438",21,"M",NA,"closed"
"292","beijing","sub62843",19,"F",NA,"closed"
"293","beijing","sub62966",19,"M",NA,"closed"
"294","beijing","sub64923",21,"F",NA,"closed"
"295","beijing","sub65467",21,"M",NA,"closed"
"296","beijing","sub65659",21,"M",NA,"closed"
"297","beijing","sub66158",21,"F",NA,"closed"
"298","beijing","sub66528",22,"F",NA,"closed"
"299","beijing","sub66781",21,"M",NA,"closed"
"300","beijing","sub66889",23,"M",NA,"closed"
"301","beijing","sub67435",20,"F",NA,"closed"
"302","beijing","sub67844",20,"F",NA,"closed"
"303","beijing","sub68012",24,"F",NA,"closed"
"304","beijing","sub68597",19,"F",NA,"closed"
"305","beijing","sub69518",21,"F",NA,"closed"
"306","beijing","sub69696",18,"M",NA,"closed"
"307","beijing","sub71693",23,"M",NA,"closed"
"308","beijing","sub72654",22,"F",NA,"closed"
"309","beijing","sub72678",20,"F",NA,"closed"
"310","beijing","sub73098",20,"F",NA,"closed"
"311","beijing","sub73245",24,"F",NA,"closed"
"312","beijing","sub73279",20,"F",NA,"closed"
"313","beijing","sub73421",19,"F",NA,"closed"
"314","beijing","sub74386",20,"F",NA,"closed"
"315","beijing","sub74587",20,"F",NA,"closed"
"316","beijing","sub75878",24,"M",NA,"closed"
"317","beijing","sub76377",24,"M",NA,"closed"
"318","beijing","sub77440",24,"F",NA,"closed"
"319","beijing","sub80163",24,"F",NA,"closed"
"320","beijing","sub80551",20,"F",NA,"closed"
"321","beijing","sub80569",22,"M",NA,"closed"
"322","beijing","sub80927",19,"F",NA,"closed"
"323","beijing","sub81062",22,"F",NA,"closed"
"324","beijing","sub81074",20,"F",NA,"closed"
"325","beijing","sub82352",24,"F",NA,"closed"
"326","beijing","sub82426",23,"F",NA,"closed"
"327","beijing","sub82714",20,"F",NA,"closed"
"328","beijing","sub82826",20,"F",NA,"closed"
"329","beijing","sub82980",20,"M",NA,"closed"
"330","beijing","sub83430",18,"F",NA,"closed"
"331","beijing","sub83624",20,"F",NA,"closed"
"332","beijing","sub83728",21,"M",NA,"closed"
"333","beijing","sub85030",22,"M",NA,"closed"
"334","beijing","sub85543",20,"F",NA,"closed"
"335","beijing","sub85818",23,"F",NA,"closed"
"336","beijing","sub86114",22,"F",NA,"closed"
"337","beijing","sub87089",24,"F",NA,"closed"
"338","beijing","sub87776",21,"F",NA,"closed"
"339","beijing","sub88306",19,"F",NA,"closed"
"340","beijing","sub88947",21,"F",NA,"closed"
"341","beijing","sub89088",19,"F",NA,"closed"
"342","beijing","sub89238",22,"F",NA,"closed"
"343","beijing","sub89592",21,"M",NA,"closed"
"344","beijing","sub89742",21,"M",NA,"closed"
"345","beijing","sub89941",18,"M",NA,"closed"
"346","beijing","sub91145",21,"M",NA,"closed"
"347","beijing","sub91399",21,"M",NA,"closed"
"348","beijing","sub91952",22,"F",NA,"closed"
"349","beijing","sub92430",21,"M",NA,"closed"
"350","beijing","sub92490",20,"M",NA,"closed"
"351","beijing","sub92544",22,"M",NA,"closed"
"352","beijing","sub92602",26,"M",NA,"closed"
"353","beijing","sub92799",23,"F",NA,"closed"
"354","beijing","sub92859",21,"F",NA,"closed"
"355","beijing","sub93689",19,"F",NA,"closed"
"356","beijing","sub93856",20,"F",NA,"closed"
"357","beijing","sub94536",20,"F",NA,"closed"
"358","beijing","sub95575",21,"F",NA,"closed"
"359","beijing","sub95755",26,"F",NA,"closed"
"360","beijing","sub96163",22,"M",NA,"closed"
"361","beijing","sub97442",23,"F",NA,"closed"
"362","beijing","sub98353",21,"M",NA,"closed"
"363","beijing","sub98617",20,"F",NA,"closed"
"364","berlin","sub06204",34,"M",NA,NA
"365","berlin","sub06716",23,"F",NA,NA
"366","berlin","sub12855",33,"M",NA,NA
"367","berlin","sub18913",29,"F",NA,NA
"368","berlin","sub23506",27,"F",NA,NA
"369","berlin","sub27536",25,"M",NA,NA
"370","berlin","sub27711",26,"F",NA,NA
"371","berlin","sub27797",31,"M",NA,NA
"372","berlin","sub28092",26,"F",NA,NA
"373","berlin","sub33248",28,"F",NA,NA
"374","berlin","sub38279",29,"M",NA,NA
"375","berlin","sub40143",34,"M",NA,NA
"376","berlin","sub47066",26,"F",NA,NA
"377","berlin","sub47791",31,"M",NA,NA
"378","berlin","sub49134",44,"M",NA,NA
"379","berlin","sub54976",37,"M",NA,NA
"380","berlin","sub57028",37,"F",NA,NA
"381","berlin","sub67166",32,"F",NA,NA
"382","berlin","sub75506",28,"M",NA,NA
"383","berlin","sub77281",24,"F",NA,NA
"384","berlin","sub85681",26,"F",NA,NA
"385","berlin","sub86111",24,"F",NA,NA
"386","berlin","sub91116",39,"M",NA,NA
"387","berlin","sub91966",27,"F",NA,NA
"388","berlin","sub95068",26,"M",NA,NA
"389","berlin","sub97162",28,"M",NA,NA
"390","cambridge","sub00156",20,"F",NA,NA
"391","cambridge","sub00294",20,"F",NA,NA
"392","cambridge","sub01361",19,"M",NA,NA
"393","cambridge","sub02591",22,"F",NA,NA
"394","cambridge","sub02953",23,"F",NA,NA
"395","cambridge","sub04187",18,"F",NA,NA
"396","cambridge","sub04270",20,"M",NA,NA
"397","cambridge","sub04491",25,"F",NA,NA
"398","cambridge","sub04665",19,"F",NA,NA
"399","cambridge","sub05306",19,"F",NA,NA
"400","cambridge","sub05453",20,"F",NA,NA
"401","cambridge","sub06037",21,"F",NA,NA
"402","cambridge","sub06272",22,"M",NA,NA
"403","cambridge","sub06987",21,"M",NA,NA
"404","cambridge","sub07413",20,"M",NA,NA
"405","cambridge","sub07798",22,"M",NA,NA
"406","cambridge","sub07902",23,"F",NA,NA
"407","cambridge","sub08204",26,"F",NA,NA
"408","cambridge","sub08588",21,"F",NA,NA
"409","cambridge","sub08723",22,"F",NA,NA
"410","cambridge","sub08947",19,"F",NA,NA
"411","cambridge","sub09015",25,"F",NA,NA
"412","cambridge","sub09397",30,"M",NA,NA
"413","cambridge","sub09633",30,"F",NA,NA
"414","cambridge","sub10268",23,"M",NA,NA
"415","cambridge","sub10619",19,"M",NA,NA
"416","cambridge","sub11388",20,"F",NA,NA
"417","cambridge","sub12346",18,"M",NA,NA
"418","cambridge","sub13093",19,"F",NA,NA
"419","cambridge","sub13187",23,"M",NA,NA
"420","cambridge","sub13216",18,"F",NA,NA
"421","cambridge","sub13902",19,"M",NA,NA
"422","cambridge","sub14183",21,"F",NA,NA
"423","cambridge","sub14194",20,"M",NA,NA
"424","cambridge","sub14278",21,"F",NA,NA
"425","cambridge","sub15172",20,"F",NA,NA
"426","cambridge","sub15258",23,"M",NA,NA
"427","cambridge","sub15432",23,"M",NA,NA
"428","cambridge","sub15905",20,"M",NA,NA
"429","cambridge","sub16122",18,"F",NA,NA
"430","cambridge","sub16390",23,"F",NA,NA
"431","cambridge","sub16846",29,"M",NA,NA
"432","cambridge","sub17584",20,"F",NA,NA
"433","cambridge","sub17737",26,"F",NA,NA
"434","cambridge","sub17772",24,"M",NA,NA
"435","cambridge","sub18295",21,"M",NA,NA
"436","cambridge","sub18449",19,"M",NA,NA
"437","cambridge","sub19717",20,"M",NA,NA
"438","cambridge","sub20389",22,"F",NA,NA
"439","cambridge","sub20543",20,"F",NA,NA
"440","cambridge","sub20563",23,"F",NA,NA
"441","cambridge","sub21755",21,"M",NA,NA
"442","cambridge","sub23780",21,"M",NA,NA
"443","cambridge","sub23869",22,"F",NA,NA
"444","cambridge","sub24670",23,"F",NA,NA
"445","cambridge","sub24757",21,"F",NA,NA
"446","cambridge","sub25044",19,"F",NA,NA
"447","cambridge","sub25058",22,"M",NA,NA
"448","cambridge","sub25099",26,"F",NA,NA
"449","cambridge","sub26348",23,"F",NA,NA
"450","cambridge","sub27065",21,"M",NA,NA
"451","cambridge","sub27230",22,"M",NA,NA
"452","cambridge","sub27613",18,"F",NA,NA
"453","cambridge","sub27796",22,"F",NA,NA
"454","cambridge","sub29044",21,"F",NA,NA
"455","cambridge","sub29425",22,"M",NA,NA
"456","cambridge","sub29800",24,"F",NA,NA
"457","cambridge","sub31522",21,"F",NA,NA
"458","cambridge","sub34586",21,"M",NA,NA
"459","cambridge","sub34741",27,"F",NA,NA
"460","cambridge","sub35430",20,"M",NA,NA
"461","cambridge","sub35512",19,"F",NA,NA
"462","cambridge","sub37374",21,"F",NA,NA
"463","cambridge","sub39053",22,"M",NA,NA
"464","cambridge","sub39065",19,"F",NA,NA
"465","cambridge","sub39142",25,"M",NA,NA
"466","cambridge","sub39737",23,"M",NA,NA
"467","cambridge","sub40635",18,"M",NA,NA
"468","cambridge","sub41567",20,"F",NA,NA
"469","cambridge","sub41773",21,"M",NA,NA
"470","cambridge","sub41814",19,"F",NA,NA
"471","cambridge","sub42146",24,"F",NA,NA
"472","cambridge","sub42253",20,"F",NA,NA
"473","cambridge","sub43304",23,"F",NA,NA
"474","cambridge","sub43358",21,"F",NA,NA
"475","cambridge","sub45344",21,"M",NA,NA
"476","cambridge","sub45354",19,"F",NA,NA
"477","cambridge","sub45604",23,"F",NA,NA
"478","cambridge","sub47162",22,"F",NA,NA
"479","cambridge","sub47231",21,"F",NA,NA
"480","cambridge","sub47278",20,"M",NA,NA
"481","cambridge","sub47498",19,"M",NA,NA
"482","cambridge","sub49259",19,"F",NA,NA
"483","cambridge","sub49998",20,"F",NA,NA
"484","cambridge","sub50272",18,"F",NA,NA
"485","cambridge","sub50454",20,"F",NA,NA
"486","cambridge","sub50953",23,"F",NA,NA
"487","cambridge","sub51050",23,"F",NA,NA
"488","cambridge","sub51172",18,"F",NA,NA
"489","cambridge","sub51512",23,"M",NA,NA
"490","cambridge","sub51671",22,"F",NA,NA
"491","cambridge","sub52036",20,"F",NA,NA
"492","cambridge","sub52300",23,"F",NA,NA
"493","cambridge","sub52442",25,"F",NA,NA
"494","cambridge","sub53059",22,"F",NA,NA
"495","cambridge","sub53107",19,"F",NA,NA
"496","cambridge","sub53193",20,"M",NA,NA
"497","cambridge","sub53296",22,"F",NA,NA
"498","cambridge","sub53615",19,"M",NA,NA
"499","cambridge","sub54846",20,"M",NA,NA
"500","cambridge","sub55114",21,"M",NA,NA
"501","cambridge","sub55660",20,"F",NA,NA
"502","cambridge","sub55874",19,"F",NA,NA
"503","cambridge","sub57221",21,"M",NA,NA
"504","cambridge","sub58360",23,"F",NA,NA
"505","cambridge","sub58470",20,"M",NA,NA
"506","cambridge","sub58682",22,"F",NA,NA
"507","cambridge","sub58874",20,"M",NA,NA
"508","cambridge","sub59434",21,"M",NA,NA
"509","cambridge","sub59729",23,"M",NA,NA
"510","cambridge","sub60578",23,"F",NA,NA
"511","cambridge","sub60797",19,"F",NA,NA
"512","cambridge","sub61185",26,"F",NA,NA
"513","cambridge","sub61209",20,"F",NA,NA
"514","cambridge","sub61436",22,"F",NA,NA
"515","cambridge","sub61753",20,"F",NA,NA
"516","cambridge","sub62383",22,"F",NA,NA
"517","cambridge","sub62424",20,"F",NA,NA
"518","cambridge","sub62732",18,"F",NA,NA
"519","cambridge","sub62908",26,"F",NA,NA
"520","cambridge","sub63412",19,"F",NA,NA
"521","cambridge","sub63661",23,"F",NA,NA
"522","cambridge","sub64308",20,"F",NA,NA
"523","cambridge","sub64985",18,"M",NA,NA
"524","cambridge","sub65373",18,"F",NA,NA
"525","cambridge","sub65682",21,"M",NA,NA
"526","cambridge","sub66351",18,"F",NA,NA
"527","cambridge","sub67117",20,"F",NA,NA
"528","cambridge","sub68101",21,"F",NA,NA
"529","cambridge","sub68425",20,"F",NA,NA
"530","cambridge","sub69287",18,"F",NA,NA
"531","cambridge","sub69315",21,"M",NA,NA
"532","cambridge","sub69397",20,"M",NA,NA
"533","cambridge","sub71849",21,"M",NA,NA
"534","cambridge","sub72068",18,"F",NA,NA
"535","cambridge","sub73317",19,"M",NA,NA
"536","cambridge","sub73399",18,"F",NA,NA
"537","cambridge","sub73477",22,"F",NA,NA
"538","cambridge","sub76631",19,"M",NA,NA
"539","cambridge","sub76745",20,"M",NA,NA
"540","cambridge","sub77337",19,"M",NA,NA
"541","cambridge","sub77435",19,"F",NA,NA
"542","cambridge","sub77598",22,"M",NA,NA
"543","cambridge","sub77989",22,"F",NA,NA
"544","cambridge","sub78547",19,"F",NA,NA
"545","cambridge","sub78552",19,"F",NA,NA
"546","cambridge","sub78614",21,"F",NA,NA
"547","cambridge","sub80557",22,"M",NA,NA
"548","cambridge","sub81289",19,"F",NA,NA
"549","cambridge","sub81524",24,"F",NA,NA
"550","cambridge","sub81562",21,"M",NA,NA
"551","cambridge","sub82113",19,"M",NA,NA
"552","cambridge","sub82213",20,"M",NA,NA
"553","cambridge","sub82435",20,"M",NA,NA
"554","cambridge","sub83409",18,"F",NA,NA
"555","cambridge","sub83683",22,"F",NA,NA
"556","cambridge","sub84064",21,"F",NA,NA
"557","cambridge","sub84256",20,"F",NA,NA
"558","cambridge","sub84504",18,"M",NA,NA
"559","cambridge","sub84845",23,"M",NA,NA
"560","cambridge","sub86115",20,"M",NA,NA
"561","cambridge","sub86637",21,"F",NA,NA
"562","cambridge","sub87846",21,"F",NA,NA
"563","cambridge","sub88445",20,"F",NA,NA
"564","cambridge","sub88464",20,"F",NA,NA
"565","cambridge","sub88853",29,"F",NA,NA
"566","cambridge","sub89107",20,"F",NA,NA
"567","cambridge","sub89435",18,"F",NA,NA
"568","cambridge","sub89894",18,"M",NA,NA
"569","cambridge","sub90059",19,"M",NA,NA
"570","cambridge","sub90674",20,"F",NA,NA
"571","cambridge","sub90681",22,"M",NA,NA
"572","cambridge","sub90699",26,"F",NA,NA
"573","cambridge","sub92288",23,"M",NA,NA
"574","cambridge","sub92393",21,"M",NA,NA
"575","cambridge","sub92440",24,"M",NA,NA
"576","cambridge","sub93269",22,"M",NA,NA
"577","cambridge","sub93488",20,"M",NA,NA
"578","cambridge","sub93609",20,"F",NA,NA
"579","cambridge","sub94304",22,"M",NA,NA
"580","cambridge","sub95187",20,"F",NA,NA
"581","cambridge","sub95644",20,"F",NA,NA
"582","cambridge","sub95959",21,"F",NA,NA
"583","cambridge","sub98528",19,"F",NA,NA
"584","cambridge","sub98624",21,"F",NA,NA
"585","cambridge","sub99085",20,"F",NA,NA
"586","cambridge","sub99330",18,"M",NA,NA
"587","cambridge","sub99462",19,"F",NA,NA
"588","cleveland","sub02480",56,"F",NA,NA
"589","cleveland","sub07835",43,"M",NA,NA
"590","cleveland","sub12330",54,"F",NA,NA
"591","cleveland","sub13495",45,"F",NA,NA
"592","cleveland","sub17946",29,"F",NA,NA
"593","cleveland","sub18011",55,"M",NA,NA
"594","cleveland","sub18566",33,"F",NA,NA
"595","cleveland","sub19005",29,"M",NA,NA
"596","cleveland","sub20003",39,"M",NA,NA
"597","cleveland","sub22736",28,"F",NA,NA
"598","cleveland","sub22935",39,"F",NA,NA
"599","cleveland","sub26557",51,"M",NA,NA
"600","cleveland","sub28596",24,"F",NA,NA
"601","cleveland","sub34189",55,"M",NA,NA
"602","cleveland","sub46075",33,"M",NA,NA
"603","cleveland","sub46739",60,"F",NA,NA
"604","cleveland","sub47482",28,"F",NA,NA
"605","cleveland","sub50092",56,"M",NA,NA
"606","cleveland","sub58811",36,"M",NA,NA
"607","cleveland","sub61868",48,"M",NA,NA
"608","cleveland","sub64706",57,"F",NA,NA
"609","cleveland","sub65858",53,"F",NA,NA
"610","cleveland","sub67936",57,"F",NA,NA
"611","cleveland","sub75398",43,"F",NA,NA
"612","cleveland","sub76139",41,"F",NA,NA
"613","cleveland","sub80263",44,"F",NA,NA
"614","cleveland","sub82518",30,"M",NA,NA
"615","cleveland","sub85091",52,"F",NA,NA
"616","cleveland","sub92232",45,"F",NA,NA
"617","cleveland","sub97844",30,"F",NA,NA
"618","cleveland","sub99664",57,"F",NA,NA
"619","icbm","sub00448",25,"M","R",NA
"620","icbm","sub00623",48,"F","R",NA
"621","icbm","sub02382",26,"M","R",NA
"622","icbm","sub02503",70,"M","R",NA
"623","icbm","sub05208",19,"F","R",NA
"624","icbm","sub07286",35,"F","R",NA
"625","icbm","sub08255",53,"M","L",NA
"626","icbm","sub08806",32,"M","R",NA
"627","icbm","sub09539",23,"F","R",NA
"628","icbm","sub10582",20,"F","L",NA
"629","icbm","sub13384",19,"F","R",NA
"630","icbm","sub13478",50,"M","R",NA
"631","icbm","sub13789",60,"F","R",NA
"632","icbm","sub16607",35,"F","R",NA
"633","icbm","sub19395",59,"F","R",NA
"634","icbm","sub20718",39,"M","R",NA
"635","icbm","sub22674",70,"M","R",NA
"636","icbm","sub26183",25,"F","R",NA
"637","icbm","sub26796",33,"M","R",NA
"638","icbm","sub28422",42,"M","R",NA
"639","icbm","sub28795",22,"M","R",NA
"640","icbm","sub28808",19,"M","R",NA
"641","icbm","sub29353",61,"M","R",NA
"642","icbm","sub30003",48,"M","R",NA
"643","icbm","sub30623",51,"M","R",NA
"644","icbm","sub32549",62,"F","R",NA
"645","icbm","sub33677",32,"M","R",NA
"646","icbm","sub34252",62,"F","R",NA
"647","icbm","sub35262",20,"M","R",NA
"648","icbm","sub35370",59,"F","R",NA
"649","icbm","sub37140",69,"F","R",NA
"650","icbm","sub40217",54,"M","R",NA
"651","icbm","sub40482",60,"M","R",NA
"652","icbm","sub41546",20,"F","L",NA
"653","icbm","sub41764",27,"F","R",NA
"654","icbm","sub44077",45,"M","R",NA
"655","icbm","sub44395",56,"M","R",NA
"656","icbm","sub47658",42,"M","R",NA
"657","icbm","sub47753",25,"M","R",NA
"658","icbm","sub48210",73,"M","R",NA
"659","icbm","sub48830",79,"F","R",NA
"660","icbm","sub49215",44,"M","R",NA
"661","icbm","sub51677",37,"M","R",NA
"662","icbm","sub53282",49,"F","R",NA
"663","icbm","sub53801",66,"M","R",NA
"664","icbm","sub54887",31,"F","R",NA
"665","icbm","sub55114",58,"F","A",NA
"666","icbm","sub55656",21,"F","R",NA
"667","icbm","sub57738",47,"M","R",NA
"668","icbm","sub59589",32,"F","R",NA
"669","icbm","sub59739",56,"F","R",NA
"670","icbm","sub59914",48,"M","R",NA
"671","icbm","sub62937",46,"F","R",NA
"672","icbm","sub63280",22,"F","L",NA
"673","icbm","sub65921",20,"F","R",NA
"674","icbm","sub66085",30,"M","R",NA
"675","icbm","sub66794",20,"F","R",NA
"676","icbm","sub68850",70,"M","R",NA
"677","icbm","sub70595",44,"F","R",NA
"678","icbm","sub71932",21,"M","R",NA
"679","icbm","sub72135",43,"F","R",NA
"680","icbm","sub73490",68,"F","R",NA
"681","icbm","sub76325",57,"F","R",NA
"682","icbm","sub76678",50,"F","R",NA
"683","icbm","sub77431",48,"F","R",NA
"684","icbm","sub78297",68,"M","R",NA
"685","icbm","sub82221",56,"M","R",NA
"686","icbm","sub82228",19,"F","R",NA
"687","icbm","sub82754",30,"M","R",NA
"688","icbm","sub85442",43,"M","R",NA
"689","icbm","sub86203",78,"F","A",NA
"690","icbm","sub86516",47,"M","R",NA
"691","icbm","sub86665",23,"F","R",NA
"692","icbm","sub87217",78,"F","R",NA
"693","icbm","sub89049",35,"M","R",NA
"694","icbm","sub92028",56,"F","R",NA
"695","icbm","sub93262",85,"F","R",NA
"696","icbm","sub93975",67,"F","R",NA
"697","icbm","sub94103",59,"F","R",NA
"698","icbm","sub94169",43,"M","R",NA
"699","icbm","sub94945",23,"F","R",NA
"700","icbm","sub95400",49,"F","R",NA
"701","icbm","sub95971",42,"M","R",NA
"702","icbm","sub97008",25,"F","R",NA
"703","icbm","sub98317",21,"F","R",NA
"704","icbm","sub98802",56,"M","R",NA
"705","leiden_a","sub01553",20,"M",NA,NA
"706","leiden_a","sub08518",21,"M",NA,NA
"707","leiden_a","sub09796",23,"M",NA,NA
"708","leiden_a","sub10481",24,"M",NA,NA
"709","leiden_a","sub12255",25,"M",NA,NA
"710","leiden_a","sub19281",20,"M",NA,NA
"711","leiden_a","sub28473",23,"M",NA,NA
"712","leiden_a","sub38454",21,"M",NA,NA
"713","leiden_a","sub52853",27,"M",NA,NA
"714","leiden_a","sub56299",21,"M",NA,NA
"715","leiden_a","sub58194",27,"M",NA,NA
"716","leiden_a","sub99856",24,"M",NA,NA
"717","leiden_b","sub01787",20,"F",NA,NA
"718","leiden_b","sub04484",22,"F",NA,NA
"719","leiden_b","sub13537",21,"M",NA,NA
"720","leiden_b","sub18456",21,"M",NA,NA
"721","leiden_b","sub30943",18,"M",NA,NA
"722","leiden_b","sub36743",25,"M",NA,NA
"723","leiden_b","sub39335",22,"F",NA,NA
"724","leiden_b","sub40907",20,"F",NA,NA
"725","leiden_b","sub52922",20,"M",NA,NA
"726","leiden_b","sub57187",26,"F",NA,NA
"727","leiden_b","sub64642",21,"F",NA,NA
"728","leiden_b","sub66131",19,"M",NA,NA
"729","leiden_b","sub68050",25,"M",NA,NA
"730","leiden_b","sub72247",20,"M",NA,NA
"731","leiden_b","sub86034",21,"M",NA,NA
"732","leiden_b","sub87320",22,"F",NA,NA
"733","leiden_b","sub92061",28,"M",NA,NA
"734","leiden_b","sub93194",20,"M",NA,NA
"735","leiden_b","sub97690",21,"F",NA,NA
"736","munchen","sub09035",70,"M",NA,NA
"737","munchen","sub26223",65,"M",NA,NA
"738","munchen","sub26670",64,"M",NA,NA
"739","munchen","sub28697",73,"F",NA,NA
"740","munchen","sub28902",65,"M",NA,NA
"741","munchen","sub31272",74,"M",NA,NA
"742","munchen","sub36052",63,"F",NA,NA
"743","munchen","sub50162",73,"M",NA,NA
"744","munchen","sub64202",67,"F",NA,NA
"745","munchen","sub66933",72,"M",NA,NA
"746","munchen","sub70942",70,"M",NA,NA
"747","munchen","sub72095",71,"F",NA,NA
"748","munchen","sub74607",65,"M",NA,NA
"749","munchen","sub81737",67,"F",NA,NA
"750","munchen","sub96591",73,"M",NA,NA
"751","munchen","sub96752",63,"F",NA,NA
"752","newark","sub13411",23,"M",NA,NA
"753","newark","sub32580",26,"F",NA,NA
"754","newark","sub36023",21,"M",NA,NA
"755","newark","sub41006",22,"M",NA,NA
"756","newark","sub43517",22,"F",NA,NA
"757","newark","sub46570",39,"M",NA,NA
"758","newark","sub49705",24,"F",NA,NA
"759","newark","sub53422",24,"M",NA,NA
"760","newark","sub54933",26,"F",NA,NA
"761","newark","sub55760",24,"M",NA,NA
"762","newark","sub58526",25,"F",NA,NA
"763","newark","sub59397",24,"F",NA,NA
"764","newark","sub59799",22,"F",NA,NA
"765","newark","sub62985",25,"F",NA,NA
"766","newark","sub71042",21,"F",NA,NA
"767","newark","sub71743",22,"M",NA,NA
"768","newark","sub76647",23,"F",NA,NA
"769","newark","sub78225",22,"M",NA,NA
"770","newark","sub86204",23,"M",NA,NA
"771","new_haven_b","sub01183",22,"F",NA,NA
"772","new_haven_b","sub16182",22,"M",NA,NA
"773","new_haven_b","sub22732",27,"M",NA,NA
"774","new_haven_b","sub26868",35,"M",NA,NA
"775","new_haven_b","sub31815",42,"M",NA,NA
"776","new_haven_b","sub47998",25,"F",NA,NA
"777","new_haven_b","sub49611",27,"F",NA,NA
"778","new_haven_b","sub53817",26,"M",NA,NA
"779","new_haven_b","sub58306",29,"F",NA,NA
"780","new_haven_b","sub60809",36,"M",NA,NA
"781","new_haven_b","sub73603",29,"F",NA,NA
"782","new_haven_b","sub75151",18,"M",NA,NA
"783","new_haven_b","sub87964",21,"F",NA,NA
"784","new_haven_b","sub89905",26,"M",NA,NA
"785","new_haven_b","sub98941",23,"F",NA,NA
"786","new_haven_b","sub99357",22,"F",NA,NA
"787","new_york_a_adhd","sub03951",37.32,"M",NA,NA
"788","new_york_a_adhd","sub08595",23.38,"M",NA,NA
"789","new_york_a_adhd","sub12486",40.77,"M",NA,NA
"790","new_york_a_adhd","sub14299",24.58,"F",NA,NA
"791","new_york_a_adhd","sub14465",47.06,"M",NA,NA
"792","new_york_a_adhd","sub15758",32.84,"M",NA,NA
"793","new_york_a_adhd","sub17109",46.15,"M",NA,NA
"794","new_york_a_adhd","sub20676",49.19,"M",NA,NA
"795","new_york_a_adhd","sub20691",26.35,"M",NA,NA
"796","new_york_a_adhd","sub22349",26.15,"M",NA,NA
"797","new_york_a_adhd","sub22608",23.43,"F",NA,NA
"798","new_york_a_adhd","sub23844",20.69,"F",NA,NA
"799","new_york_a_adhd","sub24528",45.9,"M",NA,NA
"800","new_york_a_adhd","sub31554",24.39,"F",NA,NA
"801","new_york_a_adhd","sub48803",37.98,"M",NA,NA
"802","new_york_a_adhd","sub53461",27,"M",NA,NA
"803","new_york_a_adhd","sub54828",41.34,"M",NA,NA
"804","new_york_a_adhd","sub56734",50.9,"F",NA,NA
"805","new_york_a_adhd","sub59796",34.65,"M",NA,NA
"806","new_york_a_adhd","sub63915",44.91,"M",NA,NA
"807","new_york_a_adhd","sub69779",40.75,"M",NA,NA
"808","new_york_a_adhd","sub73035",26,"M",NA,NA
"809","new_york_a_adhd","sub77203",40.23,"M",NA,NA
"810","new_york_a_adhd","sub77903",24.66,"M",NA,NA
"811","new_york_a_adhd","sub84371",38.26,"M",NA,NA
"812","new_york_a","sub01912",31.53,"M",NA,NA
"813","new_york_a","sub02503",9.3,"M",NA,NA
"814","new_york_a","sub04856",9.27,"M",NA,NA
"815","new_york_a","sub05208",23.97,"F",NA,NA
"816","new_york_a","sub07578",20.69,"F",NA,NA
"817","new_york_a","sub09539",21.16,"F",NA,NA
"818","new_york_a","sub10011",40.85,"F",NA,NA
"819","new_york_a","sub10582",47.98,"M",NA,NA
"820","new_york_a","sub13384",28.24,"F",NA,NA
"821","new_york_a","sub15213",16.58,"M",NA,NA
"822","new_york_a","sub16607",21,"M",NA,NA
"823","new_york_a","sub17078",34.19,"M",NA,NA
"824","new_york_a","sub18638",23.27,"M",NA,NA
"825","new_york_a","sub19579",46.59,"M",NA,NA
"826","new_york_a","sub20732",11.07,"M",NA,NA
"827","new_york_a","sub21212",30.83,"M",NA,NA
"828","new_york_a","sub26267",15.92,"F",NA,NA
"829","new_york_a","sub27123",23.24,"M",NA,NA
"830","new_york_a","sub28795",10.71,"M",NA,NA
"831","new_york_a","sub28808",23.34,"F",NA,NA
"832","new_york_a","sub29216",29.06,"M",NA,NA
"833","new_york_a","sub29353",21.94,"F",NA,NA
"834","new_york_a","sub29935",16.95,"F",NA,NA
"835","new_york_a","sub30247",24.03,"F",NA,NA
"836","new_york_a","sub30623",26,"F",NA,NA
"837","new_york_a","sub30860",35.77,"F",NA,NA
"838","new_york_a","sub31671",12.02,"M",NA,NA
"839","new_york_a","sub33062",34.06,"F",NA,NA
"840","new_york_a","sub33581",49.03,"M",NA,NA
"841","new_york_a","sub35262",28.59,"F",NA,NA
"842","new_york_a","sub37864",41.76,"F",NA,NA
"843","new_york_a","sub38088",16.16,"M",NA,NA
"844","new_york_a","sub41546",24.03,"F",NA,NA
"845","new_york_a","sub44395",21.8,"M",NA,NA
"846","new_york_a","sub44515",25.71,"M",NA,NA
"847","new_york_a","sub44979",15.65,"F",NA,NA
"848","new_york_a","sub45217",40.48,"M",NA,NA
"849","new_york_a","sub46856",8.82,"F",NA,NA
"850","new_york_a","sub47087",25.72,"M",NA,NA
"851","new_york_a","sub47633",37.88,"F",NA,NA
"852","new_york_a","sub48830",22.22,"F",NA,NA
"853","new_york_a","sub50559",22.79,"M",NA,NA
"854","new_york_a","sub51309",27.59,"F",NA,NA
"855","new_york_a","sub51677",25.79,"F",NA,NA
"856","new_york_a","sub53710",34.72,"F",NA,NA
"857","new_york_a","sub54541",7.88,"F",NA,NA
"858","new_york_a","sub54696",32.16,"M",NA,NA
"859","new_york_a","sub54887",27.43,"F",NA,NA
"860","new_york_a","sub55656",22.79,"M",NA,NA
"861","new_york_a","sub58313",16.42,"M",NA,NA
"862","new_york_a","sub58451",41.71,"M",NA,NA
"863","new_york_a","sub59589",14.61,"M",NA,NA
"864","new_york_a","sub61001",13.46,"M",NA,NA
"865","new_york_a","sub61241",15.43,"F",NA,NA
"866","new_york_a","sub63280",25.79,"M",NA,NA
"867","new_york_a","sub64439",45.83,"F",NA,NA
"868","new_york_a","sub66085",24.15,"M",NA,NA
"869","new_york_a","sub66794",23.72,"F",NA,NA
"870","new_york_a","sub66941",14.59,"M",NA,NA
"871","new_york_a","sub70566",25.24,"F",NA,NA
"872","new_york_a","sub70752",15.58,"F",NA,NA
"873","new_york_a","sub73490",12.23,"M",NA,NA
"874","new_york_a","sub80566",26.33,"M",NA,NA
"875","new_york_a","sub82228",35,"M",NA,NA
"876","new_york_a","sub82716",30.14,"F",NA,NA
"877","new_york_a","sub82754",23.06,"F",NA,NA
"878","new_york_a","sub83782",25.98,"M",NA,NA
"879","new_york_a","sub83978",25.63,"M",NA,NA
"880","new_york_a","sub84224",27.34,"F",NA,NA
"881","new_york_a","sub84978",12.68,"F",NA,NA
"882","new_york_a","sub87217",28.24,"F",NA,NA
"883","new_york_a","sub88286",15.4,"F",NA,NA
"884","new_york_a","sub91196",9.21,"M",NA,NA
"885","new_york_a","sub91953",49.16,"F",NA,NA
"886","new_york_a","sub93262",22.47,"F",NA,NA
"887","new_york_a","sub93975",12.73,"F",NA,NA
"888","new_york_a","sub94169",24.99,"F",NA,NA
"889","new_york_a","sub94945",26.27,"F",NA,NA
"890","new_york_a","sub95971",27.24,"M",NA,NA
"891","new_york_a","sub96705",13.38,"M",NA,NA
"892","new_york_a","sub97008",23.12,"M",NA,NA
"893","new_york_a","sub98061",9.48,"M",NA,NA
"894","new_york_a","sub98076",22.7,"M",NA,NA
"895","new_york_a","sub98802",19.65,"M",NA,NA
"896","new_york_b","sub05669",38,"F",NA,NA
"897","new_york_b","sub06021",45,"M",NA,NA
"898","new_york_b","sub27813",20,"M",NA,NA
"899","new_york_b","sub28470",46,"F",NA,NA
"900","new_york_b","sub31331",19,"F",NA,NA
"901","new_york_b","sub32574",32,"M",NA,NA
"902","new_york_b","sub62019",21,"F",NA,NA
"903","new_york_b","sub67196",34,"M",NA,NA
"904","new_york_b","sub67450",22,"F",NA,NA
"905","new_york_b","sub72729",21,"F",NA,NA
"906","new_york_b","sub75883",22,"F",NA,NA
"907","new_york_b","sub78118",43,"F",NA,NA
"908","new_york_b","sub83453",22,"F",NA,NA
"909","new_york_b","sub84858",24,"F",NA,NA
"910","new_york_b","sub85778",27,"F",NA,NA
"911","new_york_b","sub88220",40,"M",NA,NA
"912","new_york_b","sub89853",40,"M",NA,NA
"913","new_york_b","sub93351",21,"F",NA,NA
"914","new_york_b","sub94368",18,"M",NA,NA
"915","new_york_b","sub97881",40,"M",NA,NA
"916","orangeburg","sub05191",25,"M",NA,NA
"917","orangeburg","sub05818",36,"M",NA,NA
"918","orangeburg","sub06046",44,"M",NA,NA
"919","orangeburg","sub21944",50,"F",NA,NA
"920","orangeburg","sub22676",20,"F",NA,NA
"921","orangeburg","sub28020",52,"M",NA,NA
"922","orangeburg","sub47907",38,"M",NA,NA
"923","orangeburg","sub53000",54,"M",NA,NA
"924","orangeburg","sub59719",26,"M",NA,NA
"925","orangeburg","sub65250",29,"M",NA,NA
"926","orangeburg","sub69020",31,"F",NA,NA
"927","orangeburg","sub69455",29,"M",NA,NA
"928","orangeburg","sub74164",43,"M",NA,NA
"929","orangeburg","sub80895",53,"M",NA,NA
"930","orangeburg","sub83067",45,"M",NA,NA
"931","orangeburg","sub86398",55,"M",NA,NA
"932","orangeburg","sub87091",38,"M",NA,NA
"933","orangeburg","sub87309",43,"M",NA,NA
"934","orangeburg","sub90917",54,"F",NA,NA
"935","orangeburg","sub98894",48,"F",NA,NA
"936","queensland","sub02459",26,"M",NA,NA
"937","queensland","sub04117",26,"F",NA,NA
"938","queensland","sub16164",27,"M",NA,NA
"939","queensland","sub16849",34,"M",NA,NA
"940","queensland","sub36229",34,"M",NA,NA
"941","queensland","sub39524",27,"F",NA,NA
"942","queensland","sub42533",23,"F",NA,NA
"943","queensland","sub47468",23,"M",NA,NA
"944","queensland","sub49845",24,"M",NA,NA
"945","queensland","sub56353",32,"M",NA,NA
"946","queensland","sub66095",25,"M",NA,NA
"947","queensland","sub68733",20,"F",NA,NA
"948","queensland","sub70014",24,"F",NA,NA
"949","queensland","sub72118",28,"M",NA,NA
"950","queensland","sub80254",26,"F",NA,NA
"951","queensland","sub86245",23,"M",NA,NA
"952","queensland","sub86850",24,"M",NA,NA
"953","queensland","sub88169",26,"F",NA,NA
"954","queensland","sub93238",21,"F",NA,NA
"955","saint_louis","sub02115",23,"F",NA,NA
"956","saint_louis","sub02142",21,"F",NA,NA
"957","saint_louis","sub03345",25,"M",NA,NA
"958","saint_louis","sub12941",26,"F",NA,NA
"959","saint_louis","sub16236",25,"M",NA,NA
"960","saint_louis","sub26219",28,"M",NA,NA
"961","saint_louis","sub26678",24,"F",NA,NA
"962","saint_louis","sub28304",21,"F",NA,NA
"963","saint_louis","sub35127",28,"M",NA,NA
"964","saint_louis","sub35575",23,"M",NA,NA
"965","saint_louis","sub45636",24,"F",NA,NA
"966","saint_louis","sub46405",23,"F",NA,NA
"967","saint_louis","sub49563",26,"F",NA,NA
"968","saint_louis","sub52065",26,"M",NA,NA
"969","saint_louis","sub53324",27,"M",NA,NA
"970","saint_louis","sub58674",28,"F",NA,NA
"971","saint_louis","sub61357",21,"F",NA,NA
"972","saint_louis","sub73002",25,"M",NA,NA
"973","saint_louis","sub73125",25,"M",NA,NA
"974","saint_louis","sub73471",27,"M",NA,NA
"975","saint_louis","sub74078",26,"F",NA,NA
"976","saint_louis","sub80832",26,"F",NA,NA
"977","saint_louis","sub82830",23,"F",NA,NA
"978","saint_louis","sub88150",26,"F",NA,NA
"979","saint_louis","sub88823",27,"M",NA,NA
"980","saint_louis","sub95001",28,"M",NA,NA
"981","saint_louis","sub95721",21,"F",NA,NA
"982","saint_louis","sub95786",26,"M",NA,NA
"983","saint_louis","sub95967",27,"M",NA,NA
"984","saint_louis","sub97935",29,"F",NA,NA
"985","saint_louis","sub99965",23,"F",NA,NA
"986","QuironValencia","0020001",37,"M",NA,"open"
"987","QuironValencia","0020002",41,"M",NA,"open"
"988","QuironValencia","0020003",46,"M",NA,"open"
"989","QuironValencia","0020004",62,"F",NA,"open"
"990","QuironValencia","0020005",65,"M",NA,"open"
"991","QuironValencia","0020006",39,"M",NA,"open"
"992","QuironValencia","0020007",75,"M",NA,"open"
"993","QuironValencia","0020008",48,"M",NA,"open"
"994","QuironValencia","0020009",32,"F",NA,"open"
"995","QuironValencia","0020010",29,"M",NA,"open"
"996","QuironValencia","0020011",43,"F",NA,"open"
"997","QuironValencia","0020012",62,"F",NA,"open"
"998","QuironValencia","0020013",80,"M",NA,"open"
"999","QuironValencia","0020014",44,"M",NA,"open"
"1000","QuironValencia","0020015",76,"M",NA,"open"
"1001","QuironValencia","0020016",64,"F",NA,"open"
"1002","QuironValencia","0020017",53,"F",NA,"open"
"1003","QuironValencia","0020018",53,"F",NA,"open"
"1004","QuironValencia","0020019",30,"F",NA,"open"
"1005","QuironValencia","0020020",53,"M",NA,"open"
"1006","QuironValencia","0020021",60,"F",NA,"open"
"1007","QuironValencia","0020022",29,"F",NA,"open"
"1008","QuironValencia","0020023",53,"F",NA,"open"
"1009","QuironValencia","0020024",33,"F",NA,"open"
"1010","QuironValencia","0020025",71,"F",NA,"open"
"1011","QuironValencia","0020026",66,"F",NA,"open"
"1012","QuironValencia","0020027",37,"M",NA,"open"
"1013","QuironValencia","0020028",67,"F",NA,"open"
"1014","QuironValencia","0020029",36,"F",NA,"open"
"1015","QuironValencia","0020030",45,"F",NA,"open"
"1016","QuironValencia","0020031",76,"M",NA,"open"
"1017","QuironValencia","0020032",30,"M",NA,"open"
"1018","QuironValencia","0020033",58,"F",NA,"open"
"1019","QuironValencia","0020034",65,"F",NA,"open"
"1020","QuironValencia","0020035",40,"F",NA,"open"
"1021","QuironValencia","0020036",42,"F",NA,"open"
"1022","QuironValencia","0020037",74,"F",NA,"open"
"1023","QuironValencia","0020038",66,"F",NA,"open"
"1024","QuironValencia","0020039",23,"M",NA,"open"
"1025","QuironValencia","0020040",26,"F",NA,"open"
"1026","QuironValencia","0020041",50,"M",NA,"open"
"1027","QuironValencia","0020042",57,"M",NA,"open"
"1028","QuironValencia","0020043",64,"F",NA,"open"
"1029","QuironValencia","0020044",47,"F",NA,"open"
"1030","QuironValencia","0020045",33,"F",NA,"open"
"1031","Rockland","1339484",67,"M","L",NA
"1032","Rockland","2731081",21,"M","R",NA
"1033","Rockland","3594255",70,"M","R",NA
"1034","Rockland","7212617",68,"M","R",NA
"1035","Rockland","8691891",71,"F","R",NA
"1036","Rockland","1150497",67,"F","R",NA
"1037","Rockland","2166659",28,"M","L",NA
"1038","Rockland","5205221",68,"M","R",NA
"1039","Rockland","8574662",42,"M","R",NA
"1040","Rockland","9716792",55,"F","R",NA
"1041","Rockland","1753435",16,"F","R",NA
"1042","Rockland","2132437",78,"F","R",NA
"1043","Rockland","2248813",22,"M","L",NA
"1044","Rockland","3486362",25,"M","R",NA
"1045","Rockland","5108043",77,"F","R",NA
"1046","Rockland","1216620",28,"F","R",NA
"1047","Rockland","1438912",75,"M","R",NA
"1048","Rockland","1445797",14,"M","R",NA
"1049","Rockland","1793622",60,"M","R",NA
"1050","Rockland","2009256",60,"F","R",NA
"1051","Rockland","2589215",21,"M","R",NA
"1052","Rockland","2799329",30,"M","R",NA
"1053","Rockland","2967284",68,"F","L",NA
"1054","Rockland","3313349",22,"F","R",NA
"1055","Rockland","3315657",19,"M","R",NA
"1056","Rockland","3804254",19,"F","R",NA
"1057","Rockland","4099085",74,"M","R",NA
"1058","Rockland","4288245",22,"M","R",NA
"1059","Rockland","6709880",23,"M","R",NA
"1060","Rockland","8735778",31,"F","L",NA
"1061","Rockland","1351931",29,"F","R",NA
"1062","Rockland","1427581",27,"F","R",NA
"1063","Rockland","1523112",33,"F","R",NA
"1064","Rockland","1616468",47,"F","R",NA
"1065","Rockland","1781836",13,"F","R",NA
"1066","Rockland","2021454",37,"F","L",NA
"1067","Rockland","2328270",63,"M","R",NA
"1068","Rockland","2475376",21,"M","L",NA
"1069","Rockland","2505567",37,"M","L",NA
"1070","Rockland","2541244",43,"M","L",NA
"1071","Rockland","2784584",15,"M","R",NA
"1072","Rockland","2861923",41,"M","R",NA
"1073","Rockland","2868630",14,"M","L",NA
"1074","Rockland","3374719",7,"M","R",NA
"1075","Rockland","3466763",25,"F","R",NA
"1076","Rockland","3611212",23,"M","L",NA
"1077","Rockland","3965194",21,"M","R",NA
"1078","Rockland","4097119",81,"M","R",NA
"1079","Rockland","4126393",61,"F","L",NA
"1080","Rockland","4143704",41,"M","R",NA
"1081","Rockland","4290056",26,"F","R",NA
"1082","Rockland","4323037",36,"F","R",NA
"1083","Rockland","5461463",40,"F","R",NA
"1084","Rockland","6539040",72,"M","R",NA
"1085","Rockland","6692978",43,"M","R",NA
"1086","Rockland","6913939",53,"F","R",NA
"1087","Rockland","9421819",10,"F","L",NA
"1088","Rockland","1271401",22,"F","R",NA
"1089","Rockland","1334556",24,"M","R",NA
"1090","Rockland","1334913",13,"M","R",NA
"1091","Rockland","1525492",19,"M","R",NA
"1092","Rockland","1591238",26,"M","R",NA
"1093","Rockland","1943306",12,"M","R",NA
"1094","Rockland","2674565",4,"M","R",NA
"1095","Rockland","2678751",10,"F","R",NA
"1096","Rockland","2915821",10,"F","R",NA
"1097","Rockland","3304648",54,"M","R",NA
"1098","Rockland","3328556",23,"M","R",NA
"1099","Rockland","3362208",17,"M","R",NA
"1100","Rockland","3431295",13,"F","R",NA
"1101","Rockland","3729976",22,"M","R",NA
"1102","Rockland","3815065",22,"M","R",NA
"1103","Rockland","3911767",19,"F","R",NA
"1104","Rockland","3934325",22,"F","R",NA
"1105","Rockland","3951328",21,"M","R",NA
"1106","Rockland","4154799",40,"M","R",NA
"1107","Rockland","4230470",17,"M","R",NA
"1108","Rockland","8317157",34,"M","R",NA
"1109","Rockland","9537916",23,"M","R",NA
"1110","Rockland","9645370",26,"F","R",NA
"1111","Rockland","1125244",13,"F","R",NA
"1112","Rockland","1288657",20,"M","R",NA
"1113","Rockland","1292527",14,"M","R",NA
"1114","Rockland","1522653",41,"M","R",NA
"1115","Rockland","1709141",46,"M","R",NA
"1116","Rockland","2113846",44,"M","R",NA
"1117","Rockland","2221971",34,"M","R",NA
"1118","Rockland","2457957",23,"F","R",NA
"1119","Rockland","2465771",47,"F","R",NA
"1120","Rockland","2483617",20,"M","R",NA
"1121","Rockland","2524225",46,"M","R",NA
"1122","Rockland","2652676",14,"M","R",NA
"1123","Rockland","2864064",17,"M","R",NA
"1124","Rockland","2970212",10,"F","R",NA
"1125","Rockland","3261820",42,"M","L",NA
"1126","Rockland","3606220",42,"F","R",NA
"1127","Rockland","3701005",34,"M","R",NA
"1128","Rockland","3795193",57,"M","R",NA
"1129","Rockland","3927656",21,"F","R",NA
"1130","Rockland","3989122",6,"F","R",NA
"1131","Rockland","4176156",46,"M","R",NA
"1132","Rockland","4487215",30,"F","R",NA
"1133","Rockland","4710111",45,"M","R",NA
"1134","Rockland","9100911",26,"F","R",NA
"1135","Rockland","1013090",41,"M","R",NA
"1136","Rockland","1034049",9,"M","R",NA
"1137","Rockland","1264721",31,"F","R",NA
"1138","Rockland","1309257",46,"M","R",NA
"1139","Rockland","1534265",11,"F","R",NA
"1140","Rockland","1875434",8,"F","R",NA
"1141","Rockland","1898228",15,"M","R",NA
"1142","Rockland","2005303",15,"F","R",NA
"1143","Rockland","2139745",38,"M","L",NA
"1144","Rockland","2160826",55,"M","R",NA
"1145","Rockland","2286816",20,"M","A",NA
"1146","Rockland","2675807",43,"M","R",NA
"1147","Rockland","3081896",17,"M","R",NA
"1148","Rockland","3346545",16,"F","R",NA
"1149","Rockland","3492484",12,"F","R",NA
"1150","Rockland","3566919",9,"M","R",NA
"1151","Rockland","3827479",44,"M","R",NA
"1152","Rockland","3875444",14,"M","R",NA
"1153","Rockland","4077433",33,"M","R",NA
"1154","Rockland","4089896",13,"F","R",NA
"1155","Rockland","4100790",43,"M","R",NA
"1156","Rockland","4188346",41,"F","R",NA
"1157","Rockland","4417007",17,"F","R",NA
"1158","Rockland","5161117",15,"M","R",NA
"1159","Rockland","5279162",41,"M","R",NA
"1160","Rockland","9630905",36,"F","R",NA
"1161","Rockland","1097782",29,"F","R",NA
"1162","Rockland","1285465",30,"F",NA,NA
"1163","Rockland","1601547",8,"F","R",NA
"1164","Rockland","1713513",85,"F","R",NA
"1165","Rockland","1734822",32,"F","R",NA
"1166","Rockland","1903493",64,"F","R",NA
"1167","Rockland","1931386",47,"F","R",NA
"1168","Rockland","1933343",8,"F","R",NA
"1169","Rockland","2136756",7,"F","R",NA
"1170","Rockland","2286053",47,"M","R",NA
"1171","Rockland","2357976",55,"F","R",NA
"1172","Rockland","2403029",14,"F","R",NA
"1173","Rockland","2479362",49,"F","R",NA
"1174","Rockland","2513310",76,"F","L",NA
"1175","Rockland","3209959",55,"M","L",NA
"1176","Rockland","3409284",64,"M","R",NA
"1177","Rockland","3811036",20,"F","R",NA
"1178","Rockland","4015919",48,"M","R",NA
"1179","Rockland","4026825",52,"F","R",NA
"1180","Rockland","4119751",23,"M","R",NA
"1181","Rockland","1103722",12,"M","L",NA
"1182","Rockland","1143655",13,"M","L",NA
"1183","Rockland","1192435",51,"F","L",NA
"1184","Rockland","1366839",71,"M","R",NA
"1185","Rockland","1382333",28,"M","R",NA
"1186","Rockland","1764982",53,"M","R",NA
"1187","Rockland","1915832",53,"M","R",NA
"1188","Rockland","1935851",43,"M","R",NA
"1189","Rockland","1961098",21,"F","R",NA
"1190","Rockland","2041109",17,"F","R",NA
"1191","Rockland","2362594",77,"F","R",NA
"1192","Rockland","2494762",7,"F","R",NA
"1193","Rockland","2631208",37,"M","R",NA
"1194","Rockland","2986140",47,"M","R",NA
"1195","Rockland","3033715",61,"F","R",NA
"1196","Rockland","3070385",74,"F","R",NA
"1197","Rockland","3094481",14,"M","R",NA
"1198","Rockland","3106263",23,"M","R",NA
"1199","Rockland","3166395",69,"F","R",NA
"1200","Rockland","3431940",28,"F","R",NA
"1201","Rockland","3773269",82,"M","R",NA
"1202","Rockland","3848143",9,"M","L",NA
"1203","Rockland","3895064",66,"F","R",NA
"1204","Rockland","4087509",83,"F","R",NA
"1205","Rockland","5844518",5,"M","L",NA
"1206","Rockland","6471972",32,"M","R",NA
"1207","Rockland","8628499",44,"M","L",NA
"1208","Rockland","9536886",61,"F","R",NA
"1209","Rockland","9780496",30,"M","R",NA
"1210","Rockland","1322220",26,"M","R",NA
"1211","Rockland","1476437",23,"M","R",NA
"1212","Rockland","1494230",32,"F","R",NA
"1213","Rockland","1508861",21,"F","R",NA
"1214","Rockland","1654606",50,"F","R",NA
"1215","Rockland","1742775",16,"F","R",NA
"1216","Rockland","1757866",40,"M","R",NA
"1217","Rockland","1834799",54,"M","R",NA
"1218","Rockland","1940084",81,"M","R",NA
"1219","Rockland","2071045",24,"M","R",NA
"1220","Rockland","2176073",45,"F","L",NA
"1221","Rockland","2258252",24,"F","L",NA
"1222","Rockland","2436415",46,"M","R",NA
"1223","Rockland","2531270",18,"M","R",NA
"1224","Rockland","2788776",20,"F","R",NA
"1225","Rockland","2842950",27,"M","A",NA
"1226","Rockland","2882334",43,"M","R",NA
"1227","Rockland","3329569",50,"F","R",NA
"1228","Rockland","3366302",21,"M","R",NA
"1229","Rockland","3695138",51,"M","R",NA
"1230","Rockland","3755111",65,"M","R",NA
"1231","Rockland","3808535",25,"M","R",NA
"1232","Rockland","3893245",38,"M","R",NA
"1233","Rockland","4006955",46,"M","R",NA
"1234","Rockland","4277600",40,"M","R",NA
"1235","Rockland","4791943",41,"M","R",NA
"1236","Rockland","7055197",22,"F","R",NA
"1237","Rockland","9006154",21,"M","R",NA
"1238","VirginiaTech","0000003",26,"F",NA,"open"
"1239","VirginiaTech","0000018",40,"M",NA,"open"
"1240","VirginiaTech","0000009",20,"F",NA,"open"
"1241","VirginiaTech","0000019",27,"M",NA,"open"
"1242","VirginiaTech","0000002",40,"M",NA,"open"
"1243","VirginiaTech","0000004",36,"M",NA,"open"
"1244","VirginiaTech","0000005",20,"M",NA,"open"
"1245","VirginiaTech","0000006",25,"M",NA,"open"
"1246","VirginiaTech","0000021",36,"M",NA,"open"
"1247","VirginiaTech","0000025",23,"F",NA,"open"
"1248","VirginiaTech","0000016",20,"M",NA,"open"
"1249","VirginiaTech","0000020",26,"M",NA,"open"
"1250","VirginiaTech","0000022",22,"F",NA,"open"
"1251","VirginiaTech","0000001",20,"F",NA,"open"
"1252","VirginiaTech","0000007",48,"F",NA,"open"
"1253","VirginiaTech","0000008",20,"M",NA,"open"
"1254","VirginiaTech","0000010",23,"F",NA,"open"
"1255","VirginiaTech","0000011",22,"F",NA,"open"
"1256","VirginiaTech","0000012",21,"F",NA,"open"
"1257","VirginiaTech","0000013",24,"F",NA,"open"
"1258","VirginiaTech","0000014",29,"M",NA,"open"
"1259","VirginiaTech","0000015",20,"M",NA,"open"
"1260","VirginiaTech","0000017",40,"F",NA,"open"
"1261","VirginiaTech","0000023",21,"F",NA,"open"
"1262","VirginiaTech","0000024",22,"M",NA,"open"
