,site,orig_id,id,func_run,anat_infile,func_infile,anat_outdir,func_outdir,mean_FD,max_FD,mean_relative_motion,max_relative_motion,num_movements,mean_cor,mean_zcor
191,Rockland,4097119,Rockland_4097119,1,/home/data/Originals/Rockland/raw/4097119/session_1/MPRAGE_1/defaced_MPRAGE.nii.gz,/home/data/Originals/Rockland/raw/4097119/session_1/BOLDrestingCAP_1/BOLDrestingCAP.nii.gz,/home2/data/PreProc/Rockland/sym_links/pipeline_0/linear1.wm1.motion1.csf1_CSF_0.98_GM_0.7_WM_0.98/4097119_session_1/scan,/home2/data/PreProc/Rockland/sym_links/pipeline_0/linear1.wm1.motion1.csf1_CSF_0.98_GM_0.7_WM_0.98/4097119_session_1/scan_BOLDrestingCAP_1_BOLDrestingCAP,0.212662530859,0.785664,0.105972739265,0.391551133315,0,0.354021769964,-2.97674927555
192,Rockland,4143704,Rockland_4143704,1,/home/data/Originals/Rockland/raw/4143704/session_1/MPRAGE_1/defaced_MPRAGE.nii.gz,/home/data/Originals/Rockland/raw/4143704/session_1/BOLDrestingCAP_1/BOLDrestingCAP.nii.gz,/home2/data/PreProc/Rockland/sym_links/pipeline_0/linear1.wm1.motion1.csf1_CSF_0.98_GM_0.7_WM_0.98/4143704_session_1/scan,/home2/data/PreProc/Rockland/sym_links/pipeline_0/linear1.wm1.motion1.csf1_CSF_0.98_GM_0.7_WM_0.98/4143704_session_1/scan_BOLDrestingCAP_1_BOLDrestingCAP,0.20718535,1.29433,0.299340829432,0.833766933861,0,0.440700661648,-2.28023287871
195,Rockland,5461463,Rockland_5461463,1,/home/data/Originals/Rockland/raw/5461463/session_1/MPRAGE_1/defaced_MPRAGE.nii.gz,/home/data/Originals/Rockland/raw/5461463/session_1/BOLDrestingCAP_1/BOLDrestingCAP.nii.gz,/home2/data/PreProc/Rockland/sym_links/pipeline_0/linear1.wm1.motion1.csf1_CSF_0.98_GM_0.7_WM_0.98/5461463_session_1/scan,/home2/data/PreProc/Rockland/sym_links/pipeline_0/linear1.wm1.motion1.csf1_CSF_0.98_GM_0.7_WM_0.98/5461463_session_1/scan_BOLDrestingCAP_1_BOLDrestingCAP,0.141291475,2.73652,0.23528281315,0.546068365683,0,0.460587362286,-2.11157691628
198,Rockland,6913939,Rockland_6913939,1,/home/data/Originals/Rockland/raw/6913939/session_1/MPRAGE_1/defaced_MPRAGE.nii.gz,/home/data/Originals/Rockland/raw/6913939/session_1/BOLDrestingCAP_1/BOLDrestingCAP.nii.gz,/home2/data/PreProc/Rockland/sym_links/pipeline_0/linear1.wm1.motion1.csf1_CSF_0.98_GM_0.7_WM_0.98/6913939_session_1/scan,/home2/data/PreProc/Rockland/sym_links/pipeline_0/linear1.wm1.motion1.csf1_CSF_0.98_GM_0.7_WM_0.98/6913939_session_1/scan_BOLDrestingCAP_1_BOLDrestingCAP,0.172387964844,1.52081,0.334388178147,0.782986551609,0,0.469953835373,-2.03078830853
210,Rockland,4099085,Rockland_4099085,1,/home/data/Originals/Rockland/raw/4099085/session_1/MPRAGE_1/defaced_MPRAGE.nii.gz,/home/data/Originals/Rockland/raw/4099085/session_1/BOLDrestingCAP_1/BOLDrestingCAP.nii.gz,/home2/data/PreProc/Rockland/sym_links/pipeline_0/linear1.wm1.motion1.csf1_CSF_0.98_GM_0.7_WM_0.98/4099085_session_1/scan,/home2/data/PreProc/Rockland/sym_links/pipeline_0/linear1.wm1.motion1.csf1_CSF_0.98_GM_0.7_WM_0.98/4099085_session_1/scan_BOLDrestingCAP_1_BOLDrestingCAP,0.534028842578,1.46085,0.26220431599,0.82507951132,0,0.468210944815,-2.04588961551
218,Rockland,3304648,Rockland_3304648,1,/home/data/Originals/Rockland/raw/3304648/session_1/MPRAGE_1/defaced_MPRAGE.nii.gz,/home/data/Originals/Rockland/raw/3304648/session_1/BOLDrestingCAP_1/BOLDrestingCAP.nii.gz,/home2/data/PreProc/Rockland/sym_links/pipeline_0/linear1.wm1.motion1.csf1_CSF_0.98_GM_0.7_WM_0.98/3304648_session_1/scan,/home2/data/PreProc/Rockland/sym_links/pipeline_0/linear1.wm1.motion1.csf1_CSF_0.98_GM_0.7_WM_0.98/3304648_session_1/scan_BOLDrestingCAP_1_BOLDrestingCAP,0.222499942969,1.94165,0.24670659727,0.562677172098,0,0.430012220115,-2.36935951607
224,Rockland,8317157,Rockland_8317157,1,/home/data/Originals/Rockland/raw/8317157/session_1/MPRAGE_1/defaced_MPRAGE.nii.gz,/home/data/Originals/Rockland/raw/8317157/session_1/BOLDrestingCAP_1/BOLDrestingCAP.nii.gz,/home2/data/PreProc/Rockland/sym_links/pipeline_0/linear1.wm1.motion1.csf1_CSF_0.98_GM_0.7_WM_0.98/8317157_session_1/scan,/home2/data/PreProc/Rockland/sym_links/pipeline_0/linear1.wm1.motion1.csf1_CSF_0.98_GM_0.7_WM_0.98/8317157_session_1/scan_BOLDrestingCAP_1_BOLDrestingCAP,0.0712541179687,1.49813,0.156220732519,0.357706136375,0,0.464247074288,-2.08011762329
225,Rockland,9645370,Rockland_9645370,1,/home/data/Originals/Rockland/raw/9645370/session_1/MPRAGE_1/defaced_MPRAGE.nii.gz,/home/data/Originals/Rockland/raw/9645370/session_1/BOLDrestingCAP_1/BOLDrestingCAP.nii.gz,/home2/data/PreProc/Rockland/sym_links/pipeline_0/linear1.wm1.motion1.csf1_CSF_0.98_GM_0.7_WM_0.98/9645370_session_1/scan,/home2/data/PreProc/Rockland/sym_links/pipeline_0/linear1.wm1.motion1.csf1_CSF_0.98_GM_0.7_WM_0.98/9645370_session_1/scan_BOLDrestingCAP_1_BOLDrestingCAP,0.0813255589844,0.942834,0.167670976759,0.411004829655,0,0.343306926249,-3.05918241956
227,Rockland,1522653,Rockland_1522653,1,/home/data/Originals/Rockland/raw/1522653/session_1/MPRAGE_1/defaced_MPRAGE.nii.gz,/home/data/Originals/Rockland/raw/1522653/session_1/BOLDrestingCAP_1/BOLDrestingCAP.nii.gz,/home2/data/PreProc/Rockland/sym_links/pipeline_0/linear1.wm1.motion1.csf1_CSF_0.98_GM_0.7_WM_0.98/1522653_session_1/scan,/home2/data/PreProc/Rockland/sym_links/pipeline_0/linear1.wm1.motion1.csf1_CSF_0.98_GM_0.7_WM_0.98/1522653_session_1/scan_BOLDrestingCAP_1_BOLDrestingCAP,0.17173270625,0.74326,0.112912556265,0.385683912032,0,0.455672238199,-2.1536169173
241,Rockland,1013090,Rockland_1013090,1,/home/data/Originals/Rockland/raw/1013090/session_1/MPRAGE_1/defaced_MPRAGE.nii.gz,/home/data/Originals/Rockland/raw/1013090/session_1/BOLDrestingCAP_1/BOLDrestingCAP.nii.gz,/home2/data/PreProc/Rockland/sym_links/pipeline_0/linear1.wm1.motion1.csf1_CSF_0.98_GM_0.7_WM_0.98/1013090_session_1/scan,/home2/data/PreProc/Rockland/sym_links/pipeline_0/linear1.wm1.motion1.csf1_CSF_0.98_GM_0.7_WM_0.98/1013090_session_1/scan_BOLDrestingCAP_1_BOLDrestingCAP,0.0801189652344,0.893035,0.178496601369,0.497353576442,0,0.466675678074,-2.05916583118
245,Rockland,2160826,Rockland_2160826,1,/home/data/Originals/Rockland/raw/2160826/session_1/MPRAGE_1/defaced_MPRAGE.nii.gz,/home/data/Originals/Rockland/raw/2160826/session_1/BOLDrestingCAP_1/BOLDrestingCAP.nii.gz,/home2/data/PreProc/Rockland/sym_links/pipeline_0/linear1.wm1.motion1.csf1_CSF_0.98_GM_0.7_WM_0.98/2160826_session_1/scan,/home2/data/PreProc/Rockland/sym_links/pipeline_0/linear1.wm1.motion1.csf1_CSF_0.98_GM_0.7_WM_0.98/2160826_session_1/scan_BOLDrestingCAP_1_BOLDrestingCAP,0.220556635937,0.950473,0.111157806551,0.351335879181,0,0.414536030692,-2.496650024
247,Rockland,2675807,Rockland_2675807,1,/home/data/Originals/Rockland/raw/2675807/session_1/MPRAGE_1/defaced_MPRAGE.nii.gz,/home/data/Originals/Rockland/raw/2675807/session_1/BOLDrestingCAP_1/BOLDrestingCAP.nii.gz,/home2/data/PreProc/Rockland/sym_links/pipeline_0/linear1.wm1.motion1.csf1_CSF_0.98_GM_0.7_WM_0.98/2675807_session_1/scan,/home2/data/PreProc/Rockland/sym_links/pipeline_0/linear1.wm1.motion1.csf1_CSF_0.98_GM_0.7_WM_0.98/2675807_session_1/scan_BOLDrestingCAP_1_BOLDrestingCAP,0.799846267578,2.05986,0.405694069889,1.09113654966,2,0.467444244298,-2.05252270439
249,Rockland,3827479,Rockland_3827479,1,/home/data/Originals/Rockland/raw/3827479/session_1/MPRAGE_1/defaced_MPRAGE.nii.gz,/home/data/Originals/Rockland/raw/3827479/session_1/BOLDrestingCAP_1/BOLDrestingCAP.nii.gz,/home2/data/PreProc/Rockland/sym_links/pipeline_0/linear1.wm1.motion1.csf1_CSF_0.98_GM_0.7_WM_0.98/3827479_session_1/scan,/home2/data/PreProc/Rockland/sym_links/pipeline_0/linear1.wm1.motion1.csf1_CSF_0.98_GM_0.7_WM_0.98/3827479_session_1/scan_BOLDrestingCAP_1_BOLDrestingCAP,0.175359152344,0.814283,0.163837180065,0.42751197644,0,0.442877712122,-2.26195245274
255,Rockland,9630905,Rockland_9630905,1,/home/data/Originals/Rockland/raw/9630905/session_1/MPRAGE_1/defaced_MPRAGE.nii.gz,/home/data/Originals/Rockland/raw/9630905/session_1/BOLDrestingCAP_1/BOLDrestingCAP.nii.gz,/home2/data/PreProc/Rockland/sym_links/pipeline_0/linear1.wm1.motion1.csf1_CSF_0.98_GM_0.7_WM_0.98/9630905_session_1/scan,/home2/data/PreProc/Rockland/sym_links/pipeline_0/linear1.wm1.motion1.csf1_CSF_0.98_GM_0.7_WM_0.98/9630905_session_1/scan_BOLDrestingCAP_1_BOLDrestingCAP,0.138259716797,0.916167,0.167686674609,0.543096032024,0,0.413222349365,-2.50736295044
264,Rockland,3409284,Rockland_3409284,1,/home/data/Originals/Rockland/raw/3409284/session_1/MPRAGE_1/defaced_MPRAGE.nii.gz,/home/data/Originals/Rockland/raw/3409284/session_1/BOLDrestingCAP_1/BOLDrestingCAP.nii.gz,/home2/data/PreProc/Rockland/sym_links/pipeline_0/linear1.wm1.motion1.csf1_CSF_0.98_GM_0.7_WM_0.98/3409284_session_1/scan,/home2/data/PreProc/Rockland/sym_links/pipeline_0/linear1.wm1.motion1.csf1_CSF_0.98_GM_0.7_WM_0.98/3409284_session_1/scan_BOLDrestingCAP_1_BOLDrestingCAP,0.223608463672,1.9422,0.461840303415,1.95507353314,5,0.413271323513,-2.5069638237
268,Rockland,1764982,Rockland_1764982,1,/home/data/Originals/Rockland/raw/1764982/session_1/MPRAGE_1/defaced_MPRAGE.nii.gz,/home/data/Originals/Rockland/raw/1764982/session_1/BOLDrestingCAP_1/BOLDrestingCAP.nii.gz,/home2/data/PreProc/Rockland/sym_links/pipeline_0/linear1.wm1.motion1.csf1_CSF_0.98_GM_0.7_WM_0.98/1764982_session_1/scan,/home2/data/PreProc/Rockland/sym_links/pipeline_0/linear1.wm1.motion1.csf1_CSF_0.98_GM_0.7_WM_0.98/1764982_session_1/scan_BOLDrestingCAP_1_BOLDrestingCAP,0.207395260156,1.45266,0.245187635727,0.598424372833,0,0.430713259907,-2.36354497374
269,Rockland,1915832,Rockland_1915832,1,/home/data/Originals/Rockland/raw/1915832/session_1/MPRAGE_1/defaced_MPRAGE.nii.gz,/home/data/Originals/Rockland/raw/1915832/session_1/BOLDrestingCAP_1/BOLDrestingCAP.nii.gz,/home2/data/PreProc/Rockland/sym_links/pipeline_0/linear1.wm1.motion1.csf1_CSF_0.98_GM_0.7_WM_0.98/1915832_session_1/scan,/home2/data/PreProc/Rockland/sym_links/pipeline_0/linear1.wm1.motion1.csf1_CSF_0.98_GM_0.7_WM_0.98/1915832_session_1/scan_BOLDrestingCAP_1_BOLDrestingCAP,0.246804866797,1.87145,0.257961649928,0.835945219497,0,0.399662947936,-2.61713391641
285,Rockland,1339484,Rockland_1339484,1,/home/data/Originals/Rockland/raw/1339484/session_1/MPRAGE_1/defaced_MPRAGE.nii.gz,/home/data/Originals/Rockland/raw/1339484/session_1/BOLDrestingCAP_1/BOLDrestingCAP.nii.gz,/home2/data/PreProc/Rockland/sym_links/pipeline_0/linear1.wm1.motion1.csf1_CSF_0.98_GM_0.7_WM_0.98/1339484_session_1/scan,/home2/data/PreProc/Rockland/sym_links/pipeline_0/linear1.wm1.motion1.csf1_CSF_0.98_GM_0.7_WM_0.98/1339484_session_1/scan_BOLDrestingCAP_1_BOLDrestingCAP,0.249674180469,0.764417,0.17705592184,0.464470451159,0,0.411235566003,-2.52353834682
287,Rockland,2132437,Rockland_2132437,1,/home/data/Originals/Rockland/raw/2132437/session_1/MPRAGE_1/defaced_MPRAGE.nii.gz,/home/data/Originals/Rockland/raw/2132437/session_1/BOLDrestingCAP_1/BOLDrestingCAP.nii.gz,/home2/data/PreProc/Rockland/sym_links/pipeline_0/linear1.wm1.motion1.csf1_CSF_0.98_GM_0.7_WM_0.98/2132437_session_1/scan,/home2/data/PreProc/Rockland/sym_links/pipeline_0/linear1.wm1.motion1.csf1_CSF_0.98_GM_0.7_WM_0.98/2132437_session_1/scan_BOLDrestingCAP_1_BOLDrestingCAP,0.170518859375,1.60481,0.572700098764,1.0418046122,2,0.251072951161,-3.74362371748
288,Rockland,2132437,Rockland_2132437,2,/home/data/Originals/Rockland/raw/2132437/session_1/MPRAGE_1/defaced_MPRAGE.nii.gz,/home/data/Originals/Rockland/raw/2132437/session_1/BOLDrestingCAP_2/BOLDrestingCAP.nii.gz,/home2/data/PreProc/Rockland/sym_links/pipeline_0/linear1.wm1.motion1.csf1_CSF_0.98_GM_0.7_WM_0.98/2132437_session_1/scan,/home2/data/PreProc/Rockland/sym_links/pipeline_0/linear1.wm1.motion1.csf1_CSF_0.98_GM_0.7_WM_0.98/2132437_session_1/scan_BOLDrestingCAP_2_BOLDrestingCAP,0.115501132812,0.938375,0.186754522018,0.56561482477,0,0.180674626536,-4.24288782915
289,Rockland,2166659,Rockland_2166659,1,/home/data/Originals/Rockland/raw/2166659/session_1/MPRAGE_1/defaced_MPRAGE.nii.gz,/home/data/Originals/Rockland/raw/2166659/session_1/BOLDrestingCAP_1/BOLDrestingCAP.nii.gz,/home2/data/PreProc/Rockland/sym_links/pipeline_0/linear1.wm1.motion1.csf1_CSF_0.98_GM_0.7_WM_0.98/2166659_session_1/scan,/home2/data/PreProc/Rockland/sym_links/pipeline_0/linear1.wm1.motion1.csf1_CSF_0.98_GM_0.7_WM_0.98/2166659_session_1/scan_BOLDrestingCAP_1_BOLDrestingCAP,0.058784075,0.637726,0.189688618694,0.398285387631,0,0.341094490385,-3.07611712061
298,Rockland,9716792,Rockland_9716792,1,/home/data/Originals/Rockland/raw/9716792/session_1/MPRAGE_1/defaced_MPRAGE.nii.gz,/home/data/Originals/Rockland/raw/9716792/session_1/BOLDrestingCAP_1/BOLDrestingCAP.nii.gz,/home2/data/PreProc/Rockland/sym_links/pipeline_0/linear1.wm1.motion1.csf1_CSF_0.98_GM_0.7_WM_0.98/9716792_session_1/scan,/home2/data/PreProc/Rockland/sym_links/pipeline_0/linear1.wm1.motion1.csf1_CSF_0.98_GM_0.7_WM_0.98/9716792_session_1/scan_BOLDrestingCAP_1_BOLDrestingCAP,0.399401542578,1.84562,0.417791420106,0.991137417314,0,0.404158759181,-2.58089787919
299,Rockland,1322220,Rockland_1322220,1,/home/data/Originals/Rockland/raw/1322220/session_1/MPRAGE_1/defaced_MPRAGE.nii.gz,/home/data/Originals/Rockland/raw/1322220/session_1/BOLDrestingCAP_1/BOLDrestingCAP.nii.gz,/home2/data/PreProc/Rockland/sym_links/pipeline_0/linear1.wm1.motion1.csf1_CSF_0.98_GM_0.7_WM_0.98/1322220_session_1/scan,/home2/data/PreProc/Rockland/sym_links/pipeline_0/linear1.wm1.motion1.csf1_CSF_0.98_GM_0.7_WM_0.98/1322220_session_1/scan_BOLDrestingCAP_1_BOLDrestingCAP,0.110860511328,2.12107,0.339389684717,0.779693433344,0,0.465497826855,-2.06933481619
303,Rockland,1940084,Rockland_1940084,1,/home/data/Originals/Rockland/raw/1940084/session_1/MPRAGE_1/defaced_MPRAGE.nii.gz,/home/data/Originals/Rockland/raw/1940084/session_1/BOLDrestingCAP_1/BOLDrestingCAP.nii.gz,/home2/data/PreProc/Rockland/sym_links/pipeline_0/linear1.wm1.motion1.csf1_CSF_0.98_GM_0.7_WM_0.98/1940084_session_1/scan,/home2/data/PreProc/Rockland/sym_links/pipeline_0/linear1.wm1.motion1.csf1_CSF_0.98_GM_0.7_WM_0.98/1940084_session_1/scan_BOLDrestingCAP_1_BOLDrestingCAP,0.308418376953,1.84799,0.602417572556,1.25821636057,26,0.162801421958,-4.3673493039
305,Rockland,2176073,Rockland_2176073,1,/home/data/Originals/Rockland/raw/2176073/session_1/MPRAGE_1/defaced_MPRAGE.nii.gz,/home/data/Originals/Rockland/raw/2176073/session_1/BOLDrestingCAP_1/BOLDrestingCAP.nii.gz,/home2/data/PreProc/Rockland/sym_links/pipeline_0/linear1.wm1.motion1.csf1_CSF_0.98_GM_0.7_WM_0.98/2176073_session_1/scan,/home2/data/PreProc/Rockland/sym_links/pipeline_0/linear1.wm1.motion1.csf1_CSF_0.98_GM_0.7_WM_0.98/2176073_session_1/scan_BOLDrestingCAP_1_BOLDrestingCAP,0.0954128816406,1.2116,0.165626981561,0.464923144186,0,0.412505568527,-2.51320230362
309,Rockland,2842950,Rockland_2842950,1,/home/data/Originals/Rockland/raw/2842950/session_1/MPRAGE_1/defaced_MPRAGE.nii.gz,/home/data/Originals/Rockland/raw/2842950/session_1/BOLDrestingCAP_1/BOLDrestingCAP.nii.gz,/home2/data/PreProc/Rockland/sym_links/pipeline_0/linear1.wm1.motion1.csf1_CSF_0.98_GM_0.7_WM_0.98/2842950_session_1/scan,/home2/data/PreProc/Rockland/sym_links/pipeline_0/linear1.wm1.motion1.csf1_CSF_0.98_GM_0.7_WM_0.98/2842950_session_1/scan_BOLDrestingCAP_1_BOLDrestingCAP,0.306797367578,2.56094,0.360597536298,1.22189743023,5,0.372836816325,-2.8302393072
310,Rockland,3329569,Rockland_3329569,1,/home/data/Originals/Rockland/raw/3329569/session_1/MPRAGE_1/defaced_MPRAGE.nii.gz,/home/data/Originals/Rockland/raw/3329569/session_1/BOLDrestingCAP_1/BOLDrestingCAP.nii.gz,/home2/data/PreProc/Rockland/sym_links/pipeline_0/linear1.wm1.motion1.csf1_CSF_0.98_GM_0.7_WM_0.98/3329569_session_1/scan,/home2/data/PreProc/Rockland/sym_links/pipeline_0/linear1.wm1.motion1.csf1_CSF_0.98_GM_0.7_WM_0.98/3329569_session_1/scan_BOLDrestingCAP_1_BOLDrestingCAP,0.208052662109,0.818879,0.180690616175,0.395076258462,0,0.436982595046,-2.31135271744
314,Rockland,3808535,Rockland_3808535,1,/home/data/Originals/Rockland/raw/3808535/session_1/MPRAGE_1/defaced_MPRAGE.nii.gz,/home/data/Originals/Rockland/raw/3808535/session_1/BOLDrestingCAP_1/BOLDrestingCAP.nii.gz,/home2/data/PreProc/Rockland/sym_links/pipeline_0/linear1.wm1.motion1.csf1_CSF_0.98_GM_0.7_WM_0.98/3808535_session_1/scan,/home2/data/PreProc/Rockland/sym_links/pipeline_0/linear1.wm1.motion1.csf1_CSF_0.98_GM_0.7_WM_0.98/3808535_session_1/scan_BOLDrestingCAP_1_BOLDrestingCAP,0.0414110941797,0.419543,0.0914879878158,0.304946716657,0,0.356535622623,-2.95730655643
317,Rockland,4791943,Rockland_4791943,1,/home/data/Originals/Rockland/raw/4791943/session_1/MPRAGE_1/defaced_MPRAGE.nii.gz,/home/data/Originals/Rockland/raw/4791943/session_1/BOLDrestingCAP_1/BOLDrestingCAP.nii.gz,/home2/data/PreProc/Rockland/sym_links/pipeline_0/linear1.wm1.motion1.csf1_CSF_0.98_GM_0.7_WM_0.98/4791943_session_1/scan,/home2/data/PreProc/Rockland/sym_links/pipeline_0/linear1.wm1.motion1.csf1_CSF_0.98_GM_0.7_WM_0.98/4791943_session_1/scan_BOLDrestingCAP_1_BOLDrestingCAP,0.0646495777344,0.579224,0.0666588228811,0.274012590952,0,0.423606665555,-2.42229081707
339,baltimore,sub17017,baltimore_sub17017,1,/home2/data/Originals/FCon1000/raw/baltimore/sub17017/anat/mprage_anonymized.nii.gz,/home2/data/Originals/FCon1000/raw/baltimore/sub17017/func/rest.nii.gz,/home2/data/PreProc/FCon1000/sym_links/pipeline_0/linear1.wm1.motion1.csf1_CSF_0.98_GM_0.7_WM_0.98/sub17017_/scan,/home2/data/PreProc/FCon1000/sym_links/pipeline_0/linear1.wm1.motion1.csf1_CSF_0.98_GM_0.7_WM_0.98/sub17017_/scan_func_rest,0.0797042195122,0.611902,0.0618997003263,0.140380091181,0,0.472231869853,-2.01100227726
343,baltimore,sub29158,baltimore_sub29158,1,/home2/data/Originals/FCon1000/raw/baltimore/sub29158/anat/mprage_anonymized.nii.gz,/home2/data/Originals/FCon1000/raw/baltimore/sub29158/func/rest.nii.gz,/home2/data/PreProc/FCon1000/sym_links/pipeline_0/linear1.wm1.motion1.csf1_CSF_0.98_GM_0.7_WM_0.98/sub29158_/scan,/home2/data/PreProc/FCon1000/sym_links/pipeline_0/linear1.wm1.motion1.csf1_CSF_0.98_GM_0.7_WM_0.98/sub29158_/scan_func_rest,0.170117642276,0.732196,0.152503752027,0.307292970958,0,0.45620171175,-2.14909971114
345,baltimore,sub31837,baltimore_sub31837,1,/home2/data/Originals/FCon1000/raw/baltimore/sub31837/anat/mprage_anonymized.nii.gz,/home2/data/Originals/FCon1000/raw/baltimore/sub31837/func/rest.nii.gz,/home2/data/PreProc/FCon1000/sym_links/pipeline_0/linear1.wm1.motion1.csf1_CSF_0.98_GM_0.7_WM_0.98/sub31837_/scan,/home2/data/PreProc/FCon1000/sym_links/pipeline_0/linear1.wm1.motion1.csf1_CSF_0.98_GM_0.7_WM_0.98/sub31837_/scan_func_rest,0.0953567756098,0.686773,0.220902178605,0.4401763851,0,0.432229504693,-2.35095421454
352,baltimore,sub77572,baltimore_sub77572,1,/home2/data/Originals/FCon1000/raw/baltimore/sub77572/anat/mprage_anonymized.nii.gz,/home2/data/Originals/FCon1000/raw/baltimore/sub77572/func/rest.nii.gz,/home2/data/PreProc/FCon1000/sym_links/pipeline_0/linear1.wm1.motion1.csf1_CSF_0.98_GM_0.7_WM_0.98/sub77572_/scan,/home2/data/PreProc/FCon1000/sym_links/pipeline_0/linear1.wm1.motion1.csf1_CSF_0.98_GM_0.7_WM_0.98/sub77572_/scan_func_rest,0.117252617073,0.646326,0.172407269811,0.359952677445,0,0.467462202006,-2.0523674134
354,baltimore,sub81887,baltimore_sub81887,1,/home2/data/Originals/FCon1000/raw/baltimore/sub81887/anat/mprage_anonymized.nii.gz,/home2/data/Originals/FCon1000/raw/baltimore/sub81887/func/rest.nii.gz,/home2/data/PreProc/FCon1000/sym_links/pipeline_0/linear1.wm1.motion1.csf1_CSF_0.98_GM_0.7_WM_0.98/sub81887_/scan,/home2/data/PreProc/FCon1000/sym_links/pipeline_0/linear1.wm1.motion1.csf1_CSF_0.98_GM_0.7_WM_0.98/sub81887_/scan_func_rest,0.0824962162602,0.904466,0.110963670004,0.255374861723,0,0.340409549306,-3.08135400971
358,baltimore,sub90893,baltimore_sub90893,1,/home2/data/Originals/FCon1000/raw/baltimore/sub90893/anat/mprage_anonymized.nii.gz,/home2/data/Originals/FCon1000/raw/baltimore/sub90893/func/rest.nii.gz,/home2/data/PreProc/FCon1000/sym_links/pipeline_0/linear1.wm1.motion1.csf1_CSF_0.98_GM_0.7_WM_0.98/sub90893_/scan,/home2/data/PreProc/FCon1000/sym_links/pipeline_0/linear1.wm1.motion1.csf1_CSF_0.98_GM_0.7_WM_0.98/sub90893_/scan_func_rest,0.132994082114,1.25295,0.26129502804,0.569889129568,0,0.455035683474,-2.15904404705
370,bangor,sub61418,bangor_sub61418,1,/home2/data/Originals/FCon1000/raw/bangor/sub61418/anat/mprage_anonymized.nii.gz,/home2/data/Originals/FCon1000/raw/bangor/sub61418/func/rest.nii.gz,/home2/data/PreProc/FCon1000/sym_links/pipeline_0/linear1.wm1.motion1.csf1_CSF_0.98_GM_0.7_WM_0.98/sub61418_/scan,/home2/data/PreProc/FCon1000/sym_links/pipeline_0/linear1.wm1.motion1.csf1_CSF_0.98_GM_0.7_WM_0.98/sub61418_/scan_func_rest,0.119443384906,0.375096,0.102616356059,0.302601867146,0,0.471320970519,-2.01892050968
808,cleveland,sub19005,cleveland_sub19005,1,/home2/data/Originals/FCon1000/raw/cleveland/sub19005/anat/mprage_anonymized.nii.gz,/home2/data/Originals/FCon1000/raw/cleveland/sub19005/func/rest.nii.gz,/home2/data/PreProc/FCon1000/sym_links/pipeline_0/linear1.wm1.motion1.csf1_CSF_0.98_GM_0.7_WM_0.98/sub19005_/scan,/home2/data/PreProc/FCon1000/sym_links/pipeline_0/linear1.wm1.motion1.csf1_CSF_0.98_GM_0.7_WM_0.98/sub19005_/scan_func_rest,0.26315787874,0.856904,0.195687505117,0.376989243878,0,0.427725604693,-2.38829527797
914,icbm,sub34252,icbm_sub34252,2,/home2/data/Originals/FCon1000/raw/icbm/sub34252/anat/mprage_anonymized.nii.gz,/home2/data/Originals/FCon1000/raw/icbm/sub34252/func_2/rest.nii.gz,/home2/data/PreProc/FCon1000/sym_links/pipeline_0/linear1.wm1.motion1.csf1_CSF_0.98_GM_0.7_WM_0.98/sub34252_/scan,/home2/data/PreProc/FCon1000/sym_links/pipeline_0/linear1.wm1.motion1.csf1_CSF_0.98_GM_0.7_WM_0.98/sub34252_/scan_func_2_rest,0.259240364063,0.601435,0.118202656687,0.298752489529,0,0.465196929799,-2.07193032829
979,icbm,sub59589,icbm_sub59589,1,/home2/data/Originals/FCon1000/raw/icbm/sub59589/anat/mprage_anonymized.nii.gz,/home2/data/Originals/FCon1000/raw/icbm/sub59589/func_1/rest.nii.gz,/home2/data/PreProc/FCon1000/sym_links/pipeline_0/linear1.wm1.motion1.csf1_CSF_0.98_GM_0.7_WM_0.98/sub59589_/scan,/home2/data/PreProc/FCon1000/sym_links/pipeline_0/linear1.wm1.motion1.csf1_CSF_0.98_GM_0.7_WM_0.98/sub59589_/scan_func_1_rest,0.0820326085937,0.35358,0.0551327698684,0.127155416715,0,0.465943473822,-2.06548899772
980,icbm,sub59589,icbm_sub59589,2,/home2/data/Originals/FCon1000/raw/icbm/sub59589/anat/mprage_anonymized.nii.gz,/home2/data/Originals/FCon1000/raw/icbm/sub59589/func_2/rest.nii.gz,/home2/data/PreProc/FCon1000/sym_links/pipeline_0/linear1.wm1.motion1.csf1_CSF_0.98_GM_0.7_WM_0.98/sub59589_/scan,/home2/data/PreProc/FCon1000/sym_links/pipeline_0/linear1.wm1.motion1.csf1_CSF_0.98_GM_0.7_WM_0.98/sub59589_/scan_func_2_rest,0.0693977929687,0.350382,0.0565807465805,0.133121185391,0,0.467590999027,-2.05125353104
981,icbm,sub59589,icbm_sub59589,3,/home2/data/Originals/FCon1000/raw/icbm/sub59589/anat/mprage_anonymized.nii.gz,/home2/data/Originals/FCon1000/raw/icbm/sub59589/func_3/rest.nii.gz,/home2/data/PreProc/FCon1000/sym_links/pipeline_0/linear1.wm1.motion1.csf1_CSF_0.98_GM_0.7_WM_0.98/sub59589_/scan,/home2/data/PreProc/FCon1000/sym_links/pipeline_0/linear1.wm1.motion1.csf1_CSF_0.98_GM_0.7_WM_0.98/sub59589_/scan_func_3_rest,0.0754994234375,0.473433,0.0405187688573,0.110061891679,0,0.454037354656,-2.16754760731
1039,icbm,sub85442,icbm_sub85442,1,/home2/data/Originals/FCon1000/raw/icbm/sub85442/anat/mprage_anonymized.nii.gz,/home2/data/Originals/FCon1000/raw/icbm/sub85442/func_1/rest.nii.gz,/home2/data/PreProc/FCon1000/sym_links/pipeline_0/linear1.wm1.motion1.csf1_CSF_0.98_GM_0.7_WM_0.98/sub85442_/scan,/home2/data/PreProc/FCon1000/sym_links/pipeline_0/linear1.wm1.motion1.csf1_CSF_0.98_GM_0.7_WM_0.98/sub85442_/scan_func_1_rest,0.111817535156,0.348787,0.0730051579491,0.249735259825,0,0.4008738115,-2.6073897544
1040,icbm,sub85442,icbm_sub85442,2,/home2/data/Originals/FCon1000/raw/icbm/sub85442/anat/mprage_anonymized.nii.gz,/home2/data/Originals/FCon1000/raw/icbm/sub85442/func_2/rest.nii.gz,/home2/data/PreProc/FCon1000/sym_links/pipeline_0/linear1.wm1.motion1.csf1_CSF_0.98_GM_0.7_WM_0.98/sub85442_/scan,/home2/data/PreProc/FCon1000/sym_links/pipeline_0/linear1.wm1.motion1.csf1_CSF_0.98_GM_0.7_WM_0.98/sub85442_/scan_func_2_rest,0.109448784375,0.26828,0.0702887552523,0.183041661924,0,0.401965379085,-2.59859593702
1041,icbm,sub85442,icbm_sub85442,3,/home2/data/Originals/FCon1000/raw/icbm/sub85442/anat/mprage_anonymized.nii.gz,/home2/data/Originals/FCon1000/raw/icbm/sub85442/func_3/rest.nii.gz,/home2/data/PreProc/FCon1000/sym_links/pipeline_0/linear1.wm1.motion1.csf1_CSF_0.98_GM_0.7_WM_0.98/sub85442_/scan,/home2/data/PreProc/FCon1000/sym_links/pipeline_0/linear1.wm1.motion1.csf1_CSF_0.98_GM_0.7_WM_0.98/sub85442_/scan_func_3_rest,0.114882303906,0.327195,0.0680348016836,0.227375746288,0,0.400716038335,-2.60866003744
1122,munchen,sub26670,munchen_sub26670,1,/home2/data/Originals/FCon1000/raw/munchen/sub26670/anat/mprage_anonymized.nii.gz,/home2/data/Originals/FCon1000/raw/munchen/sub26670/func/rest.nii.gz,/home2/data/PreProc/FCon1000/sym_links/pipeline_0/linear1.wm1.motion1.csf1_CSF_0.98_GM_0.7_WM_0.98/sub26670_/scan,/home2/data/PreProc/FCon1000/sym_links/pipeline_0/linear1.wm1.motion1.csf1_CSF_0.98_GM_0.7_WM_0.98/sub26670_/scan_func_rest,0.182094998611,2.00274,0.10930302428,0.255329003445,0,0.368701825704,-2.86263735494
1123,munchen,sub28697,munchen_sub28697,1,/home2/data/Originals/FCon1000/raw/munchen/sub28697/anat/mprage_anonymized.nii.gz,/home2/data/Originals/FCon1000/raw/munchen/sub28697/func/rest.nii.gz,/home2/data/PreProc/FCon1000/sym_links/pipeline_0/linear1.wm1.motion1.csf1_CSF_0.98_GM_0.7_WM_0.98/sub28697_/scan,/home2/data/PreProc/FCon1000/sym_links/pipeline_0/linear1.wm1.motion1.csf1_CSF_0.98_GM_0.7_WM_0.98/sub28697_/scan_func_rest,0.491238963889,1.53456,0.162734841294,0.442712028298,0,0.110059260749,-4.73063268838
1125,munchen,sub31272,munchen_sub31272,1,/home2/data/Originals/FCon1000/raw/munchen/sub31272/anat/mprage_anonymized.nii.gz,/home2/data/Originals/FCon1000/raw/munchen/sub31272/func/rest.nii.gz,/home2/data/PreProc/FCon1000/sym_links/pipeline_0/linear1.wm1.motion1.csf1_CSF_0.98_GM_0.7_WM_0.98/sub31272_/scan,/home2/data/PreProc/FCon1000/sym_links/pipeline_0/linear1.wm1.motion1.csf1_CSF_0.98_GM_0.7_WM_0.98/sub31272_/scan_func_rest,0.0550684763889,0.474739,0.102475758252,0.21907962023,0,0.388387958633,-2.70733627752
1127,munchen,sub50162,munchen_sub50162,1,/home2/data/Originals/FCon1000/raw/munchen/sub50162/anat/mprage_anonymized.nii.gz,/home2/data/Originals/FCon1000/raw/munchen/sub50162/func/rest.nii.gz,/home2/data/PreProc/FCon1000/sym_links/pipeline_0/linear1.wm1.motion1.csf1_CSF_0.98_GM_0.7_WM_0.98/sub50162_/scan,/home2/data/PreProc/FCon1000/sym_links/pipeline_0/linear1.wm1.motion1.csf1_CSF_0.98_GM_0.7_WM_0.98/sub50162_/scan_func_rest,0.0805667013889,0.343862,0.0619693136773,0.128172422931,0,0.288537343445,-3.47051708084
1131,munchen,sub72095,munchen_sub72095,1,/home2/data/Originals/FCon1000/raw/munchen/sub72095/anat/mprage_anonymized.nii.gz,/home2/data/Originals/FCon1000/raw/munchen/sub72095/func/rest.nii.gz,/home2/data/PreProc/FCon1000/sym_links/pipeline_0/linear1.wm1.motion1.csf1_CSF_0.98_GM_0.7_WM_0.98/sub72095_/scan,/home2/data/PreProc/FCon1000/sym_links/pipeline_0/linear1.wm1.motion1.csf1_CSF_0.98_GM_0.7_WM_0.98/sub72095_/scan_func_rest,0.104740381944,0.666949,0.159402003265,0.480586818379,0,0.185730816537,-4.20753139677
1132,munchen,sub74607,munchen_sub74607,1,/home2/data/Originals/FCon1000/raw/munchen/sub74607/anat/mprage_anonymized.nii.gz,/home2/data/Originals/FCon1000/raw/munchen/sub74607/func/rest.nii.gz,/home2/data/PreProc/FCon1000/sym_links/pipeline_0/linear1.wm1.motion1.csf1_CSF_0.98_GM_0.7_WM_0.98/sub74607_/scan,/home2/data/PreProc/FCon1000/sym_links/pipeline_0/linear1.wm1.motion1.csf1_CSF_0.98_GM_0.7_WM_0.98/sub74607_/scan_func_rest,0.157807155556,0.378463,0.156723869733,0.312627078162,0,0.179159639937,-4.25346859356
1134,munchen,sub96591,munchen_sub96591,1,/home2/data/Originals/FCon1000/raw/munchen/sub96591/anat/mprage_anonymized.nii.gz,/home2/data/Originals/FCon1000/raw/munchen/sub96591/func/rest.nii.gz,/home2/data/PreProc/FCon1000/sym_links/pipeline_0/linear1.wm1.motion1.csf1_CSF_0.98_GM_0.7_WM_0.98/sub96591_/scan,/home2/data/PreProc/FCon1000/sym_links/pipeline_0/linear1.wm1.motion1.csf1_CSF_0.98_GM_0.7_WM_0.98/sub96591_/scan_func_rest,0.0522168402778,0.230363,0.0325843904203,0.0794219742892,0,0.449400869496,-2.20691372209
1291,orangeburg,sub74164,orangeburg_sub74164,1,/home2/data/Originals/FCon1000/raw/orangeburg/sub74164/anat/mprage_anonymized.nii.gz,/home2/data/Originals/FCon1000/raw/orangeburg/sub74164/func/rest.nii.gz,/home2/data/PreProc/FCon1000/sym_links/pipeline_0/linear1.wm1.motion1.csf1_CSF_0.98_GM_0.7_WM_0.98/sub74164_/scan,/home2/data/PreProc/FCon1000/sym_links/pipeline_0/linear1.wm1.motion1.csf1_CSF_0.98_GM_0.7_WM_0.98/sub74164_/scan_func_rest,0.0957122660606,1.02115,0.108150432124,0.443475106404,0,0.46873179691,-2.0413799981
1408,Rockland,3927656,Rockland_3927656,1,/home2/data/Originals/Rockland/raw/3927656/touse/anat/mprage.nii.gz,/home2/data/Originals/Rockland/raw/3927656/session_2/BOLDrestingCAP_1/BOLDrestingCAP.nii.gz,/home2/data/PreProc/Rockland/sym_links/pipeline_0/linear1.wm1.motion1.csf1_CSF_0.98_GM_0.7_WM_0.98/3927656_session_2/scan,/home2/data/PreProc/Rockland/sym_links/pipeline_0/linear1.wm1.motion1.csf1_CSF_0.98_GM_0.7_WM_0.98/3927656_session_2/scan_BOLDrestingCAP_1_BOLDrestingCAP,0.0973005820313,0.924797,0.18551180915,0.461841552916,0,0.41548093475,-2.48893572307
1410,Rockland,3492484,Rockland_3492484,1,/home2/data/Originals/Rockland/raw/3492484/touse/anat/mprage.nii.gz,/home2/data/Originals/Rockland/raw/3492484/session_1/BOLDrestingCAP_1/BOLDrestingCAP.nii.gz,/home2/data/PreProc/Rockland/sym_links/pipeline_0/linear1.wm1.motion1.csf1_CSF_0.98_GM_0.7_WM_0.98/3492484_session_1/scan,/home2/data/PreProc/Rockland/sym_links/pipeline_0/linear1.wm1.motion1.csf1_CSF_0.98_GM_0.7_WM_0.98/3492484_session_1/scan_BOLDrestingCAP_1_BOLDrestingCAP,0.156343100781,0.938223,0.193590111797,0.569228750152,0,0.458791612975,-2.12696411349
1412,Rockland,4100790,Rockland_4100790,1,/home2/data/Originals/Rockland/raw/4100790/touse/anat/mprage.nii.gz,/home2/data/Originals/Rockland/raw/4100790/session_1/BOLDrestingCAP_1/BOLDrestingCAP.nii.gz,/home2/data/PreProc/Rockland/sym_links/pipeline_0/linear1.wm1.motion1.csf1_CSF_0.98_GM_0.7_WM_0.98/4100790_session_1/scan,/home2/data/PreProc/Rockland/sym_links/pipeline_0/linear1.wm1.motion1.csf1_CSF_0.98_GM_0.7_WM_0.98/4100790_session_1/scan_BOLDrestingCAP_1_BOLDrestingCAP,0.131930748828,0.945337,0.173701179271,0.499405736851,0,0.459118764298,-2.1241632567
1415,Rockland,4015919,Rockland_4015919,1,/home2/data/Originals/Rockland/raw/4015919/touse/anat/mprage.nii.gz,/home2/data/Originals/Rockland/raw/4015919/session_2/BOLDrestingCAP_1/BOLDrestingCAP.nii.gz,/home2/data/PreProc/Rockland/sym_links/pipeline_0/linear1.wm1.motion1.csf1_CSF_0.98_GM_0.7_WM_0.98/4015919_session_2/scan,/home2/data/PreProc/Rockland/sym_links/pipeline_0/linear1.wm1.motion1.csf1_CSF_0.98_GM_0.7_WM_0.98/4015919_session_2/scan_BOLDrestingCAP_1_BOLDrestingCAP,0.0879310875,0.391376,0.0743954483826,0.221668243102,0,0.45363741068,-2.17095152284
1421,Rockland,3773269,Rockland_3773269,1,/home2/data/Originals/Rockland/raw/3773269/touse/anat/mprage.nii.gz,/home2/data/Originals/Rockland/raw/3773269/session_1/BOLDrestingCAP_1/BOLDrestingCAP.nii.gz,/home2/data/PreProc/Rockland/sym_links/pipeline_0/linear1.wm1.motion1.csf1_CSF_0.98_GM_0.7_WM_0.98/3773269_session_1/scan,/home2/data/PreProc/Rockland/sym_links/pipeline_0/linear1.wm1.motion1.csf1_CSF_0.98_GM_0.7_WM_0.98/3773269_session_1/scan_BOLDrestingCAP_1_BOLDrestingCAP,0.252231636719,2.43006,0.227588980304,0.894227090844,0,0.270275093245,-3.60438923494
